orphan_path	status	pyc_python	pyc_path	spec_written	committed	notes
.omx/state/modal_pr95_h100_burn_triage_20260504/pr95_hnerv_muon_full_burn_modal_h100_fix1_20260504T0836Z/results/public_pr95_intake_20260504_codex/pr95_src/submissions/hnerv_muon/inflate.py	STUB	314	/Users/adpena/Projects/pact/.omx/state/modal_pr95_h100_burn_triage_20260504/pr95_hnerv_muon_full_burn_modal_h100_fix1_20260504T0836Z/results/public_pr95_intake_20260504_codex/pr95_src/submissions/hnerv_muon/__pycache__/inflate.cpython-314.pyc	Y	BLOCKED-by-preflight	pycdc bad MAGIC for 314-tagged pyc
.omx/state/modal_pr95_h100_burn_triage_20260504/pr95_hnerv_muon_full_burn_modal_h100_fix1_20260504T0836Z/results/public_pr95_intake_20260504_codex/pr95_src/submissions/hnerv_muon/src/codec.py	AST-OK-WARN	312	/Users/adpena/Projects/pact/.omx/state/modal_pr95_h100_burn_triage_20260504/pr95_hnerv_muon_full_burn_modal_h100_fix1_20260504T0836Z/results/public_pr95_intake_20260504_codex/pr95_src/submissions/hnerv_muon/src/__pycache__/codec.cpython-312.pyc	Y	BLOCKED-by-preflight	pycdc emitted 'Decompyle incomplete'; pycdc stderr: Unsupported opcode: MAKE_CELL (225)
.omx/state/modal_pr95_h100_burn_triage_20260504/pr95_hnerv_muon_full_burn_modal_h100_fix1_20260504T0836Z/results/public_pr95_intake_20260504_codex/pr95_src/submissions/hnerv_muon/src/data.py	STUB	314	/Users/adpena/Projects/pact/.omx/state/modal_pr95_h100_burn_triage_20260504/pr95_hnerv_muon_full_burn_modal_h100_fix1_20260504T0836Z/results/public_pr95_intake_20260504_codex/pr95_src/submissions/hnerv_muon/src/__pycache__/data.cpython-314.pyc	Y	BLOCKED-by-preflight	pycdc bad MAGIC for 314-tagged pyc
.omx/state/modal_pr95_h100_burn_triage_20260504/pr95_hnerv_muon_full_burn_modal_h100_fix1_20260504T0836Z/results/public_pr95_intake_20260504_codex/pr95_src/submissions/hnerv_muon/src/model.py	STUB	312	/Users/adpena/Projects/pact/.omx/state/modal_pr95_h100_burn_triage_20260504/pr95_hnerv_muon_full_burn_modal_h100_fix1_20260504T0836Z/results/public_pr95_intake_20260504_codex/pr95_src/submissions/hnerv_muon/src/__pycache__/model.cpython-312.pyc	Y	BLOCKED-by-preflight	pycdc stderr: Something TERRIBLE happened!
Something TERRIBLE happened!
Unsupported Node type: 12
.omx/state/modal_pr95_h100_burn_triage_20260504/pr95_hnerv_muon_full_burn_modal_h100_fix1_20260504T0836Z/results/public_pr95_intake_20260504_codex/pr95_src/submissions/hnerv_muon/src/score.py	STUB	314	/Users/adpena/Projects/pact/.omx/state/modal_pr95_h100_burn_triage_20260504/pr95_hnerv_muon_full_burn_modal_h100_fix1_20260504T0836Z/results/public_pr95_intake_20260504_codex/pr95_src/submissions/hnerv_muon/src/__pycache__/score.cpython-314.pyc	Y	BLOCKED-by-preflight	pycdc bad MAGIC for 314-tagged pyc
.omx/state/modal_pr95_h100_burn_triage_20260504/pr95_hnerv_muon_full_burn_modal_h100_fix2_20260504T0838Z/results/public_pr95_intake_20260504_codex/pr95_src/submissions/hnerv_muon/inflate.py	STUB	314	/Users/adpena/Projects/pact/.omx/state/modal_pr95_h100_burn_triage_20260504/pr95_hnerv_muon_full_burn_modal_h100_fix2_20260504T0838Z/results/public_pr95_intake_20260504_codex/pr95_src/submissions/hnerv_muon/__pycache__/inflate.cpython-314.pyc	Y	BLOCKED-by-preflight	pycdc bad MAGIC for 314-tagged pyc
.omx/state/modal_pr95_h100_burn_triage_20260504/pr95_hnerv_muon_full_burn_modal_h100_fix2_20260504T0838Z/results/public_pr95_intake_20260504_codex/pr95_src/submissions/hnerv_muon/src/codec.py	AST-OK-WARN	312	/Users/adpena/Projects/pact/.omx/state/modal_pr95_h100_burn_triage_20260504/pr95_hnerv_muon_full_burn_modal_h100_fix2_20260504T0838Z/results/public_pr95_intake_20260504_codex/pr95_src/submissions/hnerv_muon/src/__pycache__/codec.cpython-312.pyc	Y	BLOCKED-by-preflight	pycdc emitted 'Decompyle incomplete'; pycdc stderr: Unsupported opcode: MAKE_CELL (225)
.omx/state/modal_pr95_h100_burn_triage_20260504/pr95_hnerv_muon_full_burn_modal_h100_fix2_20260504T0838Z/results/public_pr95_intake_20260504_codex/pr95_src/submissions/hnerv_muon/src/data.py	STUB	314	/Users/adpena/Projects/pact/.omx/state/modal_pr95_h100_burn_triage_20260504/pr95_hnerv_muon_full_burn_modal_h100_fix2_20260504T0838Z/results/public_pr95_intake_20260504_codex/pr95_src/submissions/hnerv_muon/src/__pycache__/data.cpython-314.pyc	Y	BLOCKED-by-preflight	pycdc bad MAGIC for 314-tagged pyc
.omx/state/modal_pr95_h100_burn_triage_20260504/pr95_hnerv_muon_full_burn_modal_h100_fix2_20260504T0838Z/results/public_pr95_intake_20260504_codex/pr95_src/submissions/hnerv_muon/src/model.py	STUB	312	/Users/adpena/Projects/pact/.omx/state/modal_pr95_h100_burn_triage_20260504/pr95_hnerv_muon_full_burn_modal_h100_fix2_20260504T0838Z/results/public_pr95_intake_20260504_codex/pr95_src/submissions/hnerv_muon/src/__pycache__/model.cpython-312.pyc	Y	BLOCKED-by-preflight	pycdc stderr: Something TERRIBLE happened!
Something TERRIBLE happened!
Unsupported Node type: 12
.omx/state/modal_pr95_h100_burn_triage_20260504/pr95_hnerv_muon_full_burn_modal_h100_fix2_20260504T0838Z/results/public_pr95_intake_20260504_codex/pr95_src/submissions/hnerv_muon/src/score.py	STUB	314	/Users/adpena/Projects/pact/.omx/state/modal_pr95_h100_burn_triage_20260504/pr95_hnerv_muon_full_burn_modal_h100_fix2_20260504T0838Z/results/public_pr95_intake_20260504_codex/pr95_src/submissions/hnerv_muon/src/__pycache__/score.cpython-314.pyc	Y	BLOCKED-by-preflight	pycdc bad MAGIC for 314-tagged pyc
experiments/build_hnerv_frontier_scorecard.py	STUB	312	/Users/adpena/Projects/pact/experiments/__pycache__/build_hnerv_frontier_scorecard.cpython-312.pyc	Y	BLOCKED-by-preflight	pycdc emitted 'Decompyle incomplete'; pycdc stderr: Unsupported opcode: POP_JUMP_IF_NONE (239)
Unsupported opcode: LOAD_FAST_AND_CLEAR (241)
Unsupported opcode: MAP_ADD (188)
Unsupported opcode: POP_J
experiments/build_pr85_qh0_serializer_candidates.py	STUB	312	/Users/adpena/Projects/pact/experiments/__pycache__/build_pr85_qh0_serializer_candidates.cpython-312.pyc	Y	BLOCKED-by-preflight	pycdc emitted 'Decompyle incomplete'; pycdc stderr: Unsupported opcode: MAKE_CELL (225)
Warning: Stack history is not empty!
Warning: block stack is not empty!
Unsupported opcode: LOAD_FAST_AND_CLEAR 
experiments/build_pr85_stbm1br_pr92_rmb1_randmulti_candidate.py	STUB	312	/Users/adpena/Projects/pact/experiments/__pycache__/build_pr85_stbm1br_pr92_rmb1_randmulti_candidate.cpython-312.pyc	Y	BLOCKED-by-preflight	pycdc emitted 'Decompyle incomplete'; pycdc stderr: Unsupported opcode: MAKE_CELL (225)
Warning: Stack history is not empty!
Warning: block stack is not empty!
Unsupported opcode: MAKE_CELL (225)
Unsu
experiments/build_pr85_stbm1br_rmb1_randmulti_candidate.py	AST-OK-WARN	312	/Users/adpena/Projects/pact/experiments/__pycache__/build_pr85_stbm1br_rmb1_randmulti_candidate.cpython-312.pyc	Y	BLOCKED-by-preflight	pycdc emitted 'Decompyle incomplete'; pycdc stderr: Unsupported opcode: MAKE_CELL (225)
Warning: Stack history is not empty!
Warning: block stack is not empty!
Unsupported opcode: LOAD_FAST_AND_CLEAR 
experiments/build_pr95_hnerv_residual_atom_plan.py	STUB	312	/Users/adpena/Projects/pact/experiments/__pycache__/build_pr95_hnerv_residual_atom_plan.cpython-312.pyc	Y	BLOCKED-by-preflight	pycdc emitted 'Decompyle incomplete'; pycdc stderr: Unsupported Node type: 12
Unsupported Node type: 12
Unsupported opcode: MAKE_CELL (225)
Unsupported opcode: LOAD_FAST_AND_CLEAR (241)
Unsupported op
experiments/preflight_candidate_manifest_dispatch_readiness.py	STUB	312	/Users/adpena/Projects/pact/experiments/__pycache__/preflight_candidate_manifest_dispatch_readiness.cpython-312.pyc	Y	BLOCKED-by-preflight	pycdc emitted 'Decompyle incomplete'; pycdc stderr: Warning: Stack history is not empty!
Warning: block stack is not empty!
Unsupported opcode: LOAD_FAST_AND_CLEAR (241)
Unsupported opcode: MAKE_CELL 
experiments/preflight_pr91_pr92_replay_contracts.py	AST-OK-WARN	312	/Users/adpena/Projects/pact/experiments/__pycache__/preflight_pr91_pr92_replay_contracts.cpython-312.pyc	Y	BLOCKED-by-preflight	pycdc emitted 'Decompyle incomplete'; pycdc stderr: Warning: Stack history is not empty!
Warning: block stack is not empty!
Unsupported opcode: MAKE_CELL (225)
Unsupported opcode: LOAD_FAST_AND_CLEAR 
experiments/preflight_public_replay_intake.py	STUB	312	/Users/adpena/Projects/pact/experiments/__pycache__/preflight_public_replay_intake.cpython-312.pyc	Y	BLOCKED-by-preflight	pycdc emitted 'Decompyle incomplete'; pycdc stderr: Unsupported opcode: MAKE_CELL (225)
Warning: Stack history is not empty!
Warning: block stack is not empty!
Something TERRIBLE happened!
Something T
experiments/profile_endgame_archive_decision.py	FULL-DECOMPILE	312	/Users/adpena/Projects/pact/experiments/__pycache__/profile_endgame_archive_decision.cpython-312.pyc	Y	BLOCKED-by-preflight	
experiments/profile_hnerv_frontier_payloads.py	STUB	312	/Users/adpena/Projects/pact/experiments/__pycache__/profile_hnerv_frontier_payloads.cpython-312.pyc	Y	BLOCKED-by-preflight	pycdc emitted 'Decompyle incomplete'; pycdc stderr: Unsupported Node type: 12
Unsupported opcode: MAKE_CELL (225)
Unsupported opcode: LOAD_FAST_AND_CLEAR (241)
Unsupported opcode: DICT_MERGE (213)
Uns
experiments/profile_pr75_minp_archive.py	STUB	312	/Users/adpena/Projects/pact/experiments/__pycache__/profile_pr75_minp_archive.cpython-312.pyc	Y	BLOCKED-by-preflight	pycdc emitted 'Decompyle incomplete'; pycdc stderr: Unsupported Node type: 12
Unsupported opcode: MAKE_CELL (225)
Unsupported opcode: LOAD_FAST_AND_CLEAR (241)
Unsupported opcode: POP_JUMP_IF_NOT_NONE
experiments/profile_pr94_qpose_intake.py	STUB	312	/Users/adpena/Projects/pact/experiments/__pycache__/profile_pr94_qpose_intake.cpython-312.pyc	Y	BLOCKED-by-preflight	pycdc emitted 'Decompyle incomplete'; pycdc stderr: Unsupported Node type: 12
Unsupported opcode: MAKE_CELL (225)
Warning: Stack history is not empty!
Warning: block stack is not empty!
Unsupported op
experiments/profile_pr95_hnerv_muon_intake.py	STUB	312	/Users/adpena/Projects/pact/experiments/__pycache__/profile_pr95_hnerv_muon_intake.cpython-312.pyc	Y	BLOCKED-by-preflight	pycdc emitted 'Decompyle incomplete'; pycdc stderr: Unsupported opcode: MAKE_CELL (225)
Warning: Stack history is not empty!
Warning: block stack is not empty!
Warning: Stack history is not empty!
War
experiments/profile_pr95_hnerv_muon_packing.py	STUB	312	/Users/adpena/Projects/pact/experiments/__pycache__/profile_pr95_hnerv_muon_packing.cpython-312.pyc	Y	BLOCKED-by-preflight	pycdc emitted 'Decompyle incomplete'; pycdc stderr: Unsupported Node type: 12
Unsupported Node type: 12
Unsupported Node type: 12
Unsupported opcode: MAKE_CELL (225)
Unsupported opcode: POP_JUMP_IF_NO
experiments/profile_pr97_h3_intake.py	STUB	312	/Users/adpena/Projects/pact/experiments/__pycache__/profile_pr97_h3_intake.cpython-312.pyc	Y	BLOCKED-by-preflight	pycdc emitted 'Decompyle incomplete'; pycdc stderr: Warning: Stack history is not empty!
Warning: block stack is not empty!
Unsupported Node type: 12
Unsupported opcode: MAKE_CELL (225)
Unsupported op
experiments/repack_single_member_archive.py	AST-OK-WARN	312	/Users/adpena/Projects/pact/experiments/__pycache__/repack_single_member_archive.cpython-312.pyc	Y	BLOCKED-by-preflight	pycdc emitted 'Decompyle incomplete'; pycdc stderr: Unsupported opcode: MAKE_CELL (225)
Unsupported opcode: LOAD_FAST_AND_CLEAR (241)
experiments/replay_pr91_hpm1_mask.py	STUB	312	/Users/adpena/Projects/pact/experiments/__pycache__/replay_pr91_hpm1_mask.cpython-312.pyc	Y	BLOCKED-by-preflight	pycdc emitted 'Decompyle incomplete'; pycdc stderr: Unsupported opcode: RETURN_GENERATOR (109)
Unsupported opcode: POP_JUMP_IF_NONE (239)
Unsupported opcode: RETURN_GENERATOR (109)
Unsupported opcode:
experiments/results/leaderboard_intel_20260504_codex/pr96_runtime/inflate.py	STUB	312	/Users/adpena/Projects/pact/experiments/results/leaderboard_intel_20260504_codex/pr96_runtime/__pycache__/inflate.cpython-312.pyc	Y	BLOCKED-by-preflight	pycdc emitted 'Decompyle incomplete'; pycdc stderr: Something TERRIBLE happened!
Something TERRIBLE happened!
Unsupported opcode: MAKE_CELL (225)
Unsupported opcode: MAKE_CELL (225)
Unsupported opcode
experiments/results/leaderboard_intel_20260504_codex/pr98_runtime/inflate.py	STUB	312	/Users/adpena/Projects/pact/experiments/results/leaderboard_intel_20260504_codex/pr98_runtime/__pycache__/inflate.cpython-312.pyc	Y	BLOCKED-by-preflight	pycdc emitted 'Decompyle incomplete'; pycdc stderr: Something TERRIBLE happened!
Something TERRIBLE happened!
Unsupported opcode: LOAD_FAST_CHECK (237)
experiments/results/leaderboard_intel_20260504_codex/pr98_runtime/src/codec.py	AST-OK-WARN	312	/Users/adpena/Projects/pact/experiments/results/leaderboard_intel_20260504_codex/pr98_runtime/src/__pycache__/codec.cpython-312.pyc	Y	BLOCKED-by-preflight	pycdc emitted 'Decompyle incomplete'; pycdc stderr: Unsupported opcode: MAKE_CELL (225)
experiments/results/leaderboard_intel_20260504_codex/pr98_runtime/src/model.py	STUB	312	/Users/adpena/Projects/pact/experiments/results/leaderboard_intel_20260504_codex/pr98_runtime/src/__pycache__/model.cpython-312.pyc	Y	BLOCKED-by-preflight	pycdc stderr: Something TERRIBLE happened!
Something TERRIBLE happened!
Unsupported Node type: 12
experiments/results/leaderboard_intel_20260504_codex/pr99_runtime/hnerv_model.py	STUB	312	/Users/adpena/Projects/pact/experiments/results/leaderboard_intel_20260504_codex/pr99_runtime/__pycache__/hnerv_model.cpython-312.pyc	Y	BLOCKED-by-preflight	pycdc stderr: Something TERRIBLE happened!
Something TERRIBLE happened!
Unsupported Node type: 12
experiments/results/leaderboard_intel_20260504_codex/pr99_runtime/inflate.py	STUB	312	/Users/adpena/Projects/pact/experiments/results/leaderboard_intel_20260504_codex/pr99_runtime/__pycache__/inflate.cpython-312.pyc	Y	BLOCKED-by-preflight	pycdc emitted 'Decompyle incomplete'; pycdc stderr: Something TERRIBLE happened!
Something TERRIBLE happened!
Warning: Stack history is not empty!
Warning: block stack is not empty!
Unsupported opcode
experiments/results/leaderboard_intel_20260504_codex/pr99_runtime/schema.py	FULL-DECOMPILE	312	/Users/adpena/Projects/pact/experiments/results/leaderboard_intel_20260504_codex/pr99_runtime/__pycache__/schema.cpython-312.pyc	Y	BLOCKED-by-preflight	
experiments/results/leaderboard_intel_20260504_codex/pr99_runtime/sidecar.py	STUB	312	/Users/adpena/Projects/pact/experiments/results/leaderboard_intel_20260504_codex/pr99_runtime/__pycache__/sidecar.cpython-312.pyc	Y	BLOCKED-by-preflight	pycdc emitted 'Decompyle incomplete'; pycdc stderr: Unsupported opcode: LOAD_ASSERTION_ERROR (101)
experiments/results/pr85_stbm1br_mask_recode_20260504_worker/replay_submission_stbm/inflate.py	STUB	312	/Users/adpena/Projects/pact/experiments/results/pr85_stbm1br_mask_recode_20260504_worker/replay_submission_stbm/__pycache__/inflate.cpython-312.pyc	Y	BLOCKED-by-preflight	pycdc emitted 'Decompyle incomplete'; pycdc stderr: Something TERRIBLE happened!
Something TERRIBLE happened!
Unsupported opcode: POP_JUMP_IF_NOT_NONE (238)
Unsupported opcode: POP_JUMP_IF_NONE (239)

experiments/results/public_leaderboard_inflate_adapters_20260502T0630Z/pr65/inflate.py	STUB	312	/Users/adpena/Projects/pact/experiments/results/public_leaderboard_inflate_adapters_20260502T0630Z/pr65/__pycache__/inflate.cpython-312.pyc	Y	BLOCKED-by-preflight	pycdc emitted 'Decompyle incomplete'; pycdc stderr: Something TERRIBLE happened!
Something TERRIBLE happened!
Unsupported opcode: POP_JUMP_IF_NOT_NONE (238)
Unsupported opcode: POP_JUMP_IF_NONE (239)

experiments/results/public_leaderboard_inflate_adapters_20260502T0630Z/pr65_torch25_compat/inflate.py	STUB	312	/Users/adpena/Projects/pact/experiments/results/public_leaderboard_inflate_adapters_20260502T0630Z/pr65_torch25_compat/__pycache__/inflate.cpython-312.pyc	Y	BLOCKED-by-preflight	pycdc emitted 'Decompyle incomplete'; pycdc stderr: Something TERRIBLE happened!
Something TERRIBLE happened!
Unsupported opcode: POP_JUMP_IF_NOT_NONE (238)
Unsupported opcode: POP_JUMP_IF_NONE (239)

experiments/results/public_leaderboard_inflate_adapters_20260502T0630Z/pr67/inflate.py	STUB	312	/Users/adpena/Projects/pact/experiments/results/public_leaderboard_inflate_adapters_20260502T0630Z/pr67/__pycache__/inflate.cpython-312.pyc	Y	BLOCKED-by-preflight	pycdc emitted 'Decompyle incomplete'; pycdc stderr: Something TERRIBLE happened!
Something TERRIBLE happened!
Warning: Stack history is not empty!
Warning: block stack is not empty!
Unsupported opcode
experiments/results/public_pr85_intake_20260503_codex/replay_submission/inflate.py	STUB	312	/Users/adpena/Projects/pact/experiments/results/public_pr85_intake_20260503_codex/replay_submission/__pycache__/inflate.cpython-312.pyc	Y	BLOCKED-by-preflight	pycdc emitted 'Decompyle incomplete'; pycdc stderr: Something TERRIBLE happened!
Something TERRIBLE happened!
Unsupported opcode: POP_JUMP_IF_NOT_NONE (238)
Unsupported opcode: POP_JUMP_IF_NONE (239)

experiments/results/public_pr86_intake_20260504_codex/inflate.py	STUB	312	/Users/adpena/Projects/pact/experiments/results/public_pr86_intake_20260504_codex/__pycache__/inflate.cpython-312.pyc	Y	BLOCKED-by-preflight	pycdc emitted 'Decompyle incomplete'; pycdc stderr: Something TERRIBLE happened!
Something TERRIBLE happened!
Warning: Stack history is not empty!
Warning: block stack is not empty!
Unsupported opcode
experiments/results/public_pr86_intake_20260504_codex/training/hpac.py	STUB	312	/Users/adpena/Projects/pact/experiments/results/public_pr86_intake_20260504_codex/training/__pycache__/hpac.cpython-312.pyc	Y	BLOCKED-by-preflight	pycdc emitted 'Decompyle incomplete'; pycdc stderr: Something TERRIBLE happened!
Something TERRIBLE happened!
Unsupported opcode: MAKE_CELL (225)
Unsupported opcode: MAKE_CELL (225)
Unsupported opcode
experiments/results/public_pr90_intake_20260504_worker/pr90_src/submissions/qrepro/encode_seg_c2split_a1_purepy.py	STUB	312	/Users/adpena/Projects/pact/experiments/results/public_pr90_intake_20260504_worker/pr90_src/submissions/qrepro/__pycache__/encode_seg_c2split_a1_purepy.cpython-312.pyc	Y	BLOCKED-by-preflight	pycdc emitted 'Decompyle incomplete'; pycdc stderr: Unsupported opcode: MAKE_CELL (225)
Unsupported opcode: LOAD_FAST_AND_CLEAR (241)
Unsupported opcode: LOAD_FAST_AND_CLEAR (241)
Unsupported opcode: 
experiments/results/public_pr90_intake_20260504_worker/pr90_src/submissions/qrepro/encode_seg_c2split_purepy.py	STUB	312	/Users/adpena/Projects/pact/experiments/results/public_pr90_intake_20260504_worker/pr90_src/submissions/qrepro/__pycache__/encode_seg_c2split_purepy.cpython-312.pyc	Y	BLOCKED-by-preflight	pycdc emitted 'Decompyle incomplete'; pycdc stderr: Unsupported opcode: LOAD_FAST_CHECK (237)
Unsupported opcode: LOAD_FAST_AND_CLEAR (241)
Unsupported opcode: MAKE_CELL (225)
Unsupported opcode: LOAD
experiments/results/public_pr90_intake_20260504_worker/pr90_src/submissions/qrepro/encode_seg_c2split_tr_purepy.py	STUB	312	/Users/adpena/Projects/pact/experiments/results/public_pr90_intake_20260504_worker/pr90_src/submissions/qrepro/__pycache__/encode_seg_c2split_tr_purepy.cpython-312.pyc	Y	BLOCKED-by-preflight	pycdc emitted 'Decompyle incomplete'; pycdc stderr: Unsupported opcode: MAKE_CELL (225)
Unsupported opcode: LOAD_FAST_AND_CLEAR (241)
Unsupported opcode: LOAD_FAST_AND_CLEAR (241)
Unsupported opcode: 
experiments/results/public_pr90_intake_20260504_worker/pr90_src/submissions/qrepro/flat_fp4_codec.py	STUB	312	/Users/adpena/Projects/pact/experiments/results/public_pr90_intake_20260504_worker/pr90_src/submissions/qrepro/__pycache__/flat_fp4_codec.cpython-312.pyc	Y	BLOCKED-by-preflight	pycdc emitted 'Decompyle incomplete'; pycdc stderr: Unsupported opcode: POP_JUMP_IF_NONE (239)
Unsupported opcode: LOAD_ASSERTION_ERROR (101)
Unsupported opcode: POP_JUMP_IF_NOT_NONE (238)
Unsupported
experiments/results/public_pr90_intake_20260504_worker/pr90_src/submissions/qrepro/inflate.py	STUB	312	/Users/adpena/Projects/pact/experiments/results/public_pr90_intake_20260504_worker/pr90_src/submissions/qrepro/__pycache__/inflate.cpython-312.pyc	Y	BLOCKED-by-preflight	pycdc emitted 'Decompyle incomplete'; pycdc stderr: Something TERRIBLE happened!
Something TERRIBLE happened!
Unsupported opcode: POP_JUMP_IF_NOT_NONE (238)
Unsupported opcode: MAKE_CELL (225)
Unsuppo
experiments/results/public_pr90_intake_20260504_worker/pr90_src/submissions/qrepro/range_coder.py	STUB	312	/Users/adpena/Projects/pact/experiments/results/public_pr90_intake_20260504_worker/pr90_src/submissions/qrepro/__pycache__/range_coder.cpython-312.pyc	Y	BLOCKED-by-preflight	pycdc stderr: Something TERRIBLE happened!
Something TERRIBLE happened!
Something TERRIBLE happened!
Something TERRIBLE happened!
Something TERRIBLE happened!
experiments/results/public_pr90_intake_20260504_worker/pr90_src/submissions/qrepro/seg_sparse_m10_codec.py	AST-OK-WARN	312	/Users/adpena/Projects/pact/experiments/results/public_pr90_intake_20260504_worker/pr90_src/submissions/qrepro/__pycache__/seg_sparse_m10_codec.cpython-312.pyc	Y	BLOCKED-by-preflight	pycdc emitted 'Decompyle incomplete'; pycdc stderr: Unsupported opcode: MAP_ADD (188)
experiments/results/public_pr90_intake_20260504_worker/pr90_src/submissions/qrepro/seg_sparse_m5_codec.py	STUB	312	/Users/adpena/Projects/pact/experiments/results/public_pr90_intake_20260504_worker/pr90_src/submissions/qrepro/__pycache__/seg_sparse_m5_codec.cpython-312.pyc	Y	BLOCKED-by-preflight	pycdc emitted 'Decompyle incomplete'; pycdc stderr: Something TERRIBLE happened!
Unsupported opcode: LOAD_FAST_CHECK (237)
Unsupported opcode: LOAD_FAST_AND_CLEAR (241)
Unsupported opcode: LOAD_FAST_A
experiments/results/public_pr91_intake_20260504_codex/replay_submission/hpac_coder_hybrid/inflate.py	STUB	312	/Users/adpena/Projects/pact/experiments/results/public_pr91_intake_20260504_codex/replay_submission/hpac_coder_hybrid/__pycache__/inflate.cpython-312.pyc	Y	BLOCKED-by-preflight	pycdc emitted 'Decompyle incomplete'; pycdc stderr: Something TERRIBLE happened!
Something TERRIBLE happened!
Unsupported opcode: POP_JUMP_IF_NOT_NONE (238)
Unsupported opcode: POP_JUMP_IF_NONE (239)

experiments/results/public_pr91_intake_20260504_codex/replay_submission/hpac_coder_hybrid/pr86_hpac.py	STUB	312	/Users/adpena/Projects/pact/experiments/results/public_pr91_intake_20260504_codex/replay_submission/hpac_coder_hybrid/__pycache__/pr86_hpac.cpython-312.pyc	Y	BLOCKED-by-preflight	pycdc emitted 'Decompyle incomplete'; pycdc stderr: Something TERRIBLE happened!
Something TERRIBLE happened!
Warning: Stack history is not empty!
Warning: block stack is not empty!
Unsupported opcode
experiments/results/public_pr95_intake_20260504_codex/pr95_src/submissions/hnerv_muon/inflate.py	STUB	312	/Users/adpena/Projects/pact/experiments/results/public_pr95_intake_20260504_codex/pr95_src/submissions/hnerv_muon/__pycache__/inflate.cpython-312.pyc	Y	BLOCKED-by-preflight	pycdc emitted 'Decompyle incomplete'; pycdc stderr: Something TERRIBLE happened!
Something TERRIBLE happened!
Unsupported opcode: LOAD_FAST_CHECK (237)
experiments/results/public_pr95_intake_20260504_codex/pr95_src/submissions/hnerv_muon/src/codec.py	AST-OK-WARN	312	/Users/adpena/Projects/pact/experiments/results/public_pr95_intake_20260504_codex/pr95_src/submissions/hnerv_muon/src/__pycache__/codec.cpython-312.pyc	Y	BLOCKED-by-preflight	pycdc emitted 'Decompyle incomplete'; pycdc stderr: Unsupported opcode: MAKE_CELL (225)
experiments/results/public_pr95_intake_20260504_codex/pr95_src/submissions/hnerv_muon/src/data.py	STUB	314	/Users/adpena/Projects/pact/experiments/results/public_pr95_intake_20260504_codex/pr95_src/submissions/hnerv_muon/src/__pycache__/data.cpython-314.pyc	Y	BLOCKED-by-preflight	pycdc bad MAGIC for 314-tagged pyc
experiments/results/public_pr95_intake_20260504_codex/pr95_src/submissions/hnerv_muon/src/model.py	STUB	312	/Users/adpena/Projects/pact/experiments/results/public_pr95_intake_20260504_codex/pr95_src/submissions/hnerv_muon/src/__pycache__/model.cpython-312.pyc	Y	BLOCKED-by-preflight	pycdc stderr: Something TERRIBLE happened!
Something TERRIBLE happened!
Unsupported Node type: 12
experiments/results/public_pr95_intake_20260504_codex/pr95_src/submissions/hnerv_muon/src/score.py	STUB	314	/Users/adpena/Projects/pact/experiments/results/public_pr95_intake_20260504_codex/pr95_src/submissions/hnerv_muon/src/__pycache__/score.cpython-314.pyc	Y	BLOCKED-by-preflight	pycdc bad MAGIC for 314-tagged pyc
experiments/results/renderer_selfcompression_nextwave_worker_20260503/c101_combined_zero_search.py	STUB	312	/Users/adpena/Projects/pact/experiments/results/renderer_selfcompression_nextwave_worker_20260503/__pycache__/c101_combined_zero_search.cpython-312.pyc	Y	BLOCKED-by-preflight	pycdc emitted 'Decompyle incomplete'; pycdc stderr: Unsupported opcode: MAKE_CELL (225)
Unsupported opcode: RETURN_GENERATOR (109)
Unsupported opcode: RETURN_GENERATOR (109)
Unsupported opcode: DICT_U
experiments/results/top_submission_reverse_engineering_20260503_deep_codex/sources/pr75_head/submissions/qpose14_r55_segactions_minp/inflate.py	STUB	312	/Users/adpena/Projects/pact/experiments/results/top_submission_reverse_engineering_20260503_deep_codex/sources/pr75_head/submissions/qpose14_r55_segactions_minp/__pycache__/inflate.cpython-312.pyc	Y	BLOCKED-by-preflight	pycdc emitted 'Decompyle incomplete'; pycdc stderr: Something TERRIBLE happened!
Something TERRIBLE happened!
Unsupported opcode: POP_JUMP_IF_NOT_NONE (238)
Unsupported opcode: MAKE_CELL (225)
Unsuppo
reports/graphs/build_public_site_bundle.py	STUB	312	/Users/adpena/Projects/pact/reports/graphs/__pycache__/build_public_site_bundle.cpython-312.pyc	Y	BLOCKED-by-preflight	pycdc emitted 'Decompyle incomplete'; pycdc stderr: Unsupported Node type: 12
Warning: Stack history is not empty!
Warning: block stack is not empty!
Warning: Stack history is not empty!
Warning: bloc
reports/graphs/test_build_public_site_bundle.py	STUB	312	/Users/adpena/Projects/pact/reports/graphs/__pycache__/test_build_public_site_bundle.cpython-312.pyc	Y	BLOCKED-by-preflight	pycdc emitted 'Decompyle incomplete'; pycdc stderr: Unsupported opcode: RETURN_GENERATOR (109)
scripts/build_contest_submission_packet.py	STUB	312	/Users/adpena/Projects/pact/scripts/__pycache__/build_contest_submission_packet.cpython-312.pyc	Y	BLOCKED-by-preflight	pycdc emitted 'Decompyle incomplete'; pycdc stderr: Unsupported opcode: MAKE_CELL (225)
Warning: Stack history is not empty!
Warning: block stack is not empty!
Warning: Stack history is not empty!
War
scripts/pre_submission_compliance_check.py	STUB	312	/Users/adpena/Projects/pact/scripts/__pycache__/pre_submission_compliance_check.cpython-312.pyc	Y	BLOCKED-by-preflight	pycdc emitted 'Decompyle incomplete'; pycdc stderr: Unsupported Node type: 12
Unsupported opcode: MAKE_CELL (225)
Warning: Stack history is not empty!
Warning: block stack is not empty!
Warning: Stack
scripts/q_faithful_snapshot_loop.py	STUB	312	/Users/adpena/Projects/pact/scripts/__pycache__/q_faithful_snapshot_loop.cpython-312.pyc	Y	BLOCKED-by-preflight	pycdc emitted 'Decompyle incomplete'; pycdc stderr: Warning: Stack history is not empty!
Warning: block stack is not empty!
Unsupported opcode: MAKE_CELL (225)
Unsupported opcode: MAKE_CELL (225)
Unsu
src/tac/archive_byte_profile.py	STUB	312	/Users/adpena/Projects/pact/src/tac/__pycache__/archive_byte_profile.cpython-312.pyc	Y	BLOCKED-by-preflight	pycdc emitted 'Decompyle incomplete'; pycdc stderr: Unsupported opcode: MAKE_CELL (225)
Unsupported opcode: RETURN_GENERATOR (109)
Unsupported opcode: RETURN_GENERATOR (109)
Unsupported opcode: MAKE_C
src/tac/endgame_archive_decision.py	STUB	312	/Users/adpena/Projects/pact/src/tac/__pycache__/endgame_archive_decision.cpython-312.pyc	Y	BLOCKED-by-preflight	pycdc emitted 'Decompyle incomplete'; pycdc stderr: Unsupported Node type: 12
Unsupported Node type: 12
Unsupported opcode: MAKE_CELL (225)
Unsupported opcode: RETURN_GENERATOR (109)
Unsupported opcod
src/tac/henosis_pr82_transfer.py	STUB	312	/Users/adpena/Projects/pact/src/tac/__pycache__/henosis_pr82_transfer.cpython-312.pyc	Y	BLOCKED-by-preflight	pycdc emitted 'Decompyle incomplete'; pycdc stderr: Unsupported Node type: 12
Unsupported Node type: 12
Unsupported Node type: 12
Unsupported opcode: MAKE_CELL (225)
Unsupported opcode: POP_JUMP_IF_NO
src/tac/pr85_bundle.py	STUB	312	/Users/adpena/Projects/pact/src/tac/__pycache__/pr85_bundle.cpython-312.pyc	Y	BLOCKED-by-preflight	pycdc emitted 'Decompyle incomplete'; pycdc stderr: Unsupported Node type: 12
Unsupported Node type: 12
Unsupported Node type: 12
Warning: Stack history is not empty!
Warning: block stack is not empty
src/tac/pr86_hpac_codec.py	STUB	312	/Users/adpena/Projects/pact/src/tac/__pycache__/pr86_hpac_codec.cpython-312.pyc	Y	BLOCKED-by-preflight	pycdc emitted 'Decompyle incomplete'; pycdc stderr: Something TERRIBLE happened!
Something TERRIBLE happened!
Unsupported opcode: MAKE_CELL (225)
Unsupported Node type: 12
Unsupported Node type: 12
Un
src/tac/pr91_hpm1_codec.py	STUB	312	/Users/adpena/Projects/pact/src/tac/__pycache__/pr91_hpm1_codec.cpython-312.pyc	Y	BLOCKED-by-preflight	pycdc emitted 'Decompyle incomplete'; pycdc stderr: Something TERRIBLE happened!
Something TERRIBLE happened!
Unsupported opcode: MAKE_CELL (225)
Unsupported Node type: 12
Warning: Stack history is no
src/tac/public_frontier_intake.py	STUB	312	/Users/adpena/Projects/pact/src/tac/__pycache__/public_frontier_intake.cpython-312.pyc	Y	BLOCKED-by-preflight	pycdc emitted 'Decompyle incomplete'; pycdc stderr: Unsupported Node type: 12
Unsupported opcode: MAKE_CELL (225)
Unsupported opcode: RETURN_GENERATOR (109)
Unsupported opcode: RETURN_GENERATOR (109)

src/tac/qh0_record_serializer.py	STUB	312	/Users/adpena/Projects/pact/src/tac/__pycache__/qh0_record_serializer.cpython-312.pyc	Y	BLOCKED-by-preflight	pycdc emitted 'Decompyle incomplete'; pycdc stderr: Unsupported Node type: 12
Unsupported Node type: 12
Unsupported Node type: 12
Unsupported opcode: MAKE_CELL (225)
Unsupported opcode: MAKE_CELL (225
src/tac/qh0_renderer_codec.py	STUB	312	/Users/adpena/Projects/pact/src/tac/__pycache__/qh0_renderer_codec.cpython-312.pyc	Y	BLOCKED-by-preflight	pycdc emitted 'Decompyle incomplete'; pycdc stderr: Unsupported Node type: 12
Warning: Stack history is not empty!
Warning: block stack is not empty!
Unsupported opcode: MAKE_CELL (225)
Unsupported op
src/tac/quantizr_torch_fp4_codec.py	STUB	312	/Users/adpena/Projects/pact/src/tac/__pycache__/quantizr_torch_fp4_codec.cpython-312.pyc	Y	BLOCKED-by-preflight	pycdc emitted 'Decompyle incomplete'; pycdc stderr: Unsupported opcode: RETURN_GENERATOR (109)
Unsupported opcode: LOAD_FAST_AND_CLEAR (241)
Unsupported opcode: POP_JUMP_IF_NONE (239)
src/tac/stbm1br_mask_codec.py	STUB	312	/Users/adpena/Projects/pact/src/tac/__pycache__/stbm1br_mask_codec.cpython-312.pyc	Y	BLOCKED-by-preflight	pycdc emitted 'Decompyle incomplete'; pycdc stderr: Unsupported Node type: 12
Something TERRIBLE happened!
Something TERRIBLE happened!
Something TERRIBLE happened!
Unsupported opcode: LOAD_FAST_CHECK
src/tac/tests/test_build_contest_submission_packet.py	AST-OK-WARN	312	/Users/adpena/Projects/pact/src/tac/tests/__pycache__/test_build_contest_submission_packet.cpython-312.pyc	Y	BLOCKED-by-preflight	pycdc emitted 'Decompyle incomplete'; pycdc stderr: Unsupported opcode: POP_JUMP_IF_NONE (239)
Unsupported opcode: LOAD_FAST_AND_CLEAR (241)
Unsupported opcode: POP_JUMP_IF_NONE (239)
Unsupported opco
src/tac/tests/test_build_pr85_stbm1br_pr92_rmb1_randmulti_candidate.py	AST-OK-WARN	312	/Users/adpena/Projects/pact/src/tac/tests/__pycache__/test_build_pr85_stbm1br_pr92_rmb1_randmulti_candidate.cpython-312.pyc	Y	BLOCKED-by-preflight	pycdc emitted 'Decompyle incomplete'; pycdc stderr: Unsupported opcode: POP_JUMP_IF_NONE (239)
Unsupported opcode: LOAD_FAST_AND_CLEAR (241)
Unsupported opcode: LOAD_ASSERTION_ERROR (101)
src/tac/tests/test_build_pr85_stbm1br_rmb1_randmulti_candidate.py	STUB	312	/Users/adpena/Projects/pact/src/tac/tests/__pycache__/test_build_pr85_stbm1br_rmb1_randmulti_candidate.cpython-312.pyc	Y	BLOCKED-by-preflight	pycdc emitted 'Decompyle incomplete'; pycdc stderr: Unsupported opcode: POP_JUMP_IF_NONE (239)
Wrong block type 0 for END_FOR
Unsupported opcode: RETURN_GENERATOR (109)
Unsupported opcode: RETURN_GENE
src/tac/tests/test_build_pr95_hnerv_residual_atom_plan.py	AST-OK-WARN	312	/Users/adpena/Projects/pact/src/tac/tests/__pycache__/test_build_pr95_hnerv_residual_atom_plan.cpython-312.pyc	Y	BLOCKED-by-preflight	pycdc emitted 'Decompyle incomplete'; pycdc stderr: Unsupported opcode: LOAD_ASSERTION_ERROR (101)
Unsupported opcode: LOAD_ASSERTION_ERROR (101)
Unsupported opcode: LOAD_ASSERTION_ERROR (101)
src/tac/tests/test_dispatch_cli_shell_hazards.py	AST-OK-WARN	312	/Users/adpena/Projects/pact/src/tac/tests/__pycache__/test_dispatch_cli_shell_hazards.cpython-312.pyc	Y	BLOCKED-by-preflight	pycdc emitted 'Decompyle incomplete'; pycdc stderr: Unsupported opcode: POP_JUMP_IF_NONE (239)
Unsupported opcode: LOAD_FAST_AND_CLEAR (241)
Unsupported opcode: LOAD_ASSERTION_ERROR (101)
Unsupported 
src/tac/tests/test_endgame_archive_decision.py	STUB	pytest-312	/Users/adpena/Projects/pact/src/tac/tests/__pycache__/test_endgame_archive_decision.cpython-312-pytest-9.0.3.pyc	Y	BLOCKED-by-preflight	pycdc emitted 'Decompyle incomplete'; pycdc stderr: Something TERRIBLE happened!
Something TERRIBLE happened!
Unsupported opcode: RETURN_GENERATOR (109)
Unsupported opcode: LOAD_FAST_AND_CLEAR (241)
U
src/tac/tests/test_pr85_bundle.py	STUB	pytest-312	/Users/adpena/Projects/pact/src/tac/tests/__pycache__/test_pr85_bundle.cpython-312-pytest-9.0.3.pyc	Y	BLOCKED-by-preflight	pycdc emitted 'Decompyle incomplete'; pycdc stderr: Something TERRIBLE happened!
Something TERRIBLE happened!
Unsupported opcode: RETURN_GENERATOR (109)
Something TERRIBLE happened!
Something TERRIBLE
src/tac/tests/test_pr91_hpm1_codec.py	AST-OK-WARN	312	/Users/adpena/Projects/pact/src/tac/tests/__pycache__/test_pr91_hpm1_codec.cpython-312.pyc	Y	BLOCKED-by-preflight	pycdc emitted 'Decompyle incomplete'; pycdc stderr: Unsupported opcode: POP_JUMP_IF_NONE (239)
Unsupported opcode: LOAD_FAST_AND_CLEAR (241)
Unsupported opcode: LOAD_ASSERTION_ERROR (101)
Unsupported 
src/tac/tests/test_pre_submission_compliance_check.py	AST-OK-WARN	312	/Users/adpena/Projects/pact/src/tac/tests/__pycache__/test_pre_submission_compliance_check.cpython-312.pyc	Y	BLOCKED-by-preflight	pycdc emitted 'Decompyle incomplete'; pycdc stderr: Unsupported opcode: POP_JUMP_IF_NONE (239)
Unsupported opcode: LOAD_FAST_CHECK (237)
Unsupported opcode: LOAD_ASSERTION_ERROR (101)
Unsupported opco
src/tac/tests/test_preflight_candidate_manifest_dispatch_readiness.py	AST-OK-WARN	312	/Users/adpena/Projects/pact/src/tac/tests/__pycache__/test_preflight_candidate_manifest_dispatch_readiness.cpython-312.pyc	Y	BLOCKED-by-preflight	pycdc emitted 'Decompyle incomplete'; pycdc stderr: Unsupported opcode: POP_JUMP_IF_NONE (239)
Unsupported opcode: LOAD_ASSERTION_ERROR (101)
Unsupported opcode: LOAD_ASSERTION_ERROR (101)
Unsupported
src/tac/tests/test_preflight_pr91_pr92_replay_contracts.py	AST-OK-WARN	312	/Users/adpena/Projects/pact/src/tac/tests/__pycache__/test_preflight_pr91_pr92_replay_contracts.cpython-312.pyc	Y	BLOCKED-by-preflight	pycdc emitted 'Decompyle incomplete'; pycdc stderr: Unsupported opcode: POP_JUMP_IF_NONE (239)
Unsupported opcode: LOAD_ASSERTION_ERROR (101)
Unsupported opcode: LOAD_ASSERTION_ERROR (101)
Unsupported
src/tac/tests/test_preflight_public_replay_intake.py	STUB	pytest-312	/Users/adpena/Projects/pact/src/tac/tests/__pycache__/test_preflight_public_replay_intake.cpython-312-pytest-9.0.3.pyc	Y	BLOCKED-by-preflight	pycdc emitted 'Decompyle incomplete'; pycdc stderr: Something TERRIBLE happened!
Something TERRIBLE happened!
Unsupported opcode: LOAD_FAST_CHECK (237)
Unsupported opcode: LOAD_FAST_AND_CLEAR (241)
Un
src/tac/tests/test_profile_pr94_qpose_intake.py	STUB	pytest-312	/Users/adpena/Projects/pact/src/tac/tests/__pycache__/test_profile_pr94_qpose_intake.cpython-312-pytest-9.0.3.pyc	Y	BLOCKED-by-preflight	pycdc stderr: Something TERRIBLE happened!
Something TERRIBLE happened!
src/tac/tests/test_profile_pr95_hnerv_muon_intake.py	AST-OK-WARN	312	/Users/adpena/Projects/pact/src/tac/tests/__pycache__/test_profile_pr95_hnerv_muon_intake.cpython-312.pyc	Y	BLOCKED-by-preflight	pycdc emitted 'Decompyle incomplete'; pycdc stderr: Unsupported opcode: POP_JUMP_IF_NOT_NONE (238)
Unsupported opcode: LOAD_FAST_AND_CLEAR (241)
Unsupported opcode: LOAD_ASSERTION_ERROR (101)
Unsuppor
src/tac/tests/test_profile_pr95_hnerv_muon_packing.py	AST-OK-WARN	312	/Users/adpena/Projects/pact/src/tac/tests/__pycache__/test_profile_pr95_hnerv_muon_packing.cpython-312.pyc	Y	BLOCKED-by-preflight	pycdc emitted 'Decompyle incomplete'; pycdc stderr: Unsupported opcode: LOAD_ASSERTION_ERROR (101)
Unsupported opcode: LOAD_ASSERTION_ERROR (101)
Unsupported opcode: LOAD_ASSERTION_ERROR (101)
Unsuppo
src/tac/tests/test_profile_pr97_h3_intake.py	STUB	pytest-312	/Users/adpena/Projects/pact/src/tac/tests/__pycache__/test_profile_pr97_h3_intake.cpython-312-pytest-9.0.3.pyc	Y	BLOCKED-by-preflight	pycdc emitted 'Decompyle incomplete'; pycdc stderr: Something TERRIBLE happened!
Something TERRIBLE happened!
Unsupported opcode: RETURN_GENERATOR (109)
Unsupported opcode: LOAD_FAST_AND_CLEAR (241)
src/tac/tests/test_public_submission_refs.py	AST-OK-WARN	312	/Users/adpena/Projects/pact/src/tac/tests/__pycache__/test_public_submission_refs.cpython-312.pyc	Y	BLOCKED-by-preflight	pycdc emitted 'Decompyle incomplete'; pycdc stderr: Unsupported opcode: LOAD_ASSERTION_ERROR (101)
Unsupported opcode: LOAD_ASSERTION_ERROR (101)
src/tac/tests/test_qh0_record_serializer.py	STUB	pytest-312	/Users/adpena/Projects/pact/src/tac/tests/__pycache__/test_qh0_record_serializer.cpython-312-pytest-9.0.3.pyc	Y	BLOCKED-by-preflight	pycdc emitted 'Decompyle incomplete'; pycdc stderr: Something TERRIBLE happened!
Something TERRIBLE happened!
Unsupported opcode: LOAD_FAST_AND_CLEAR (241)
Unsupported opcode: LOAD_FAST_CHECK (237)
src/tac/tests/test_quantizr_torch_fp4_codec.py	STUB	pytest-312	/Users/adpena/Projects/pact/src/tac/tests/__pycache__/test_quantizr_torch_fp4_codec.cpython-312-pytest-9.0.3.pyc	Y	BLOCKED-by-preflight	pycdc emitted 'Decompyle incomplete'; pycdc stderr: Something TERRIBLE happened!
Something TERRIBLE happened!
Unsupported opcode: LOAD_FAST_CHECK (237)
Unsupported opcode: LOAD_FAST_CHECK (237)
Unsupp
src/tac/tests/test_qzs3_postprocess_qrm1_runtime.py	STUB	pytest-312	/Users/adpena/Projects/pact/src/tac/tests/__pycache__/test_qzs3_postprocess_qrm1_runtime.cpython-312-pytest-9.0.3.pyc	Y	BLOCKED-by-preflight	pycdc emitted 'Decompyle incomplete'; pycdc stderr: Something TERRIBLE happened!
Something TERRIBLE happened!
Unsupported opcode: LOAD_FAST_CHECK (237)
Unsupported opcode: LOAD_FAST_CHECK (237)
Unsupp
submissions/robust_current/apply_qzs3_postprocess.py	STUB	312	/Users/adpena/Projects/pact/submissions/robust_current/__pycache__/apply_qzs3_postprocess.cpython-312.pyc	Y	BLOCKED-by-preflight	pycdc emitted 'Decompyle incomplete'; pycdc stderr: Something TERRIBLE happened!
Something TERRIBLE happened!
Unsupported opcode: POP_JUMP_IF_NONE (239)
Something TERRIBLE happened!
Something TERRIBLE
tools/check_dispatch_cli_shell_hazards.py	STUB	312	/Users/adpena/Projects/pact/tools/__pycache__/check_dispatch_cli_shell_hazards.cpython-312.pyc	Y	BLOCKED-by-preflight	pycdc emitted 'Decompyle incomplete'; pycdc stderr: Unsupported Node type: 12
Warning: Stack history is not empty!
Warning: block stack is not empty!
Unsupported opcode: LOAD_FAST_AND_CLEAR (241)
Unsu