rank,atom_id,classification,dispatchable_atom,no_op_status,pair_index,tile_id,source_action_id,action_id,transform,mean_weighted_combined_equal_share,mean_weighted_pose_equal_share,mean_weighted_seg_equal_share,component_positive_votes,pose_toxic_votes,pose_positive_votes,seg_positive_votes,worst_pose_delta_vs_c102
1,pair314_tile089_src090_act090_identity,component_positive_pose_safe,False,changes_c102_action_stream_if_built,314,89,90,90,identity,9.551379146958045e-06,4.465116126124717e-06,5.086263020833328e-06,2,0,2,2,0.0
2,pair548_tile087_src071_act071_identity,component_positive_pose_safe,False,changes_c102_action_stream_if_built,548,87,71,71,identity,9.183116564671696e-06,3.2491462741250715e-06,5.933970290546626e-06,2,0,2,2,0.0
3,pair518_tile088_src011_act011_identity,component_positive_pose_safe,False,changes_c102_action_stream_if_built,518,88,11,11,identity,8.431478109881332e-06,8.020835786313316e-07,7.62939453125e-06,2,0,2,2,0.0
4,pair134_tile089_src071_act071_identity,component_positive_pose_risky,False,changes_c102_action_stream_if_built,134,89,71,71,identity,8.12697983469593e-06,4.736131353289167e-06,3.390848481406764e-06,2,1,1,2,-2.3527513134811084e-06
5,pair368_tile132_src058_act058_identity,component_positive_pose_risky,False,changes_c102_action_stream_if_built,368,132,58,58,identity,7.920656465288523e-06,1.986686174741898e-06,5.933970290546626e-06,2,1,1,2,-1.0659906074615287e-06
6,pair166_tile086_src008_act008_identity,component_positive_pose_safe,False,changes_c102_action_stream_if_built,166,86,8,8,identity,6.96626337972068e-06,5.270839139017305e-06,1.6954242407033748e-06,2,0,2,2,0.0
7,pair491_tile089_src065_act065_identity,component_positive_pose_safe,False,changes_c102_action_stream_if_built,491,89,65,65,identity,4.9574516583952545e-06,7.188959072752082e-07,4.238555751120046e-06,2,0,2,2,0.0
8,pair532_tile088_src035_act035_identity,component_positive_pose_risky,False,changes_c102_action_stream_if_built,532,88,35,35,identity,4.6226264334834916e-06,3.8408038364024144e-07,4.23854604984325e-06,2,1,1,2,-3.733081381555669e-07
9,pair494_tile089_src089_act089_identity,component_positive_pose_safe,False,changes_c102_action_stream_if_built,494,89,89,89,identity,3.958452040190384e-06,5.676132600604172e-07,3.390838780129967e-06,2,0,2,2,0.0
10,pair543_tile088_src101_act101_identity,component_positive_pose_safe,False,changes_c102_action_stream_if_built,543,88,101,101,identity,3.8002759745705416e-06,2.1048614351439765e-06,1.6954145394265654e-06,2,0,2,2,0.0
11,pair510_tile089_src107_act107_identity,component_positive_pose_risky,False,changes_c102_action_stream_if_built,510,89,107,107,identity,3.3813912984570297e-06,-9.450715431865406e-09,3.390842013888895e-06,2,1,1,2,-1.8982273039431114e-07
12,pair510_tile096_src029_act029_identity,component_positive_pose_risky,False,changes_c102_action_stream_if_built,510,96,29,29,identity,3.3813912984570297e-06,-9.450715431865406e-09,3.390842013888895e-06,2,1,1,2,-1.8982273039431114e-07
13,pair510_tile109_src035_act035_identity,component_positive_pose_risky,False,changes_c102_action_stream_if_built,510,109,35,35,identity,3.3813912984570297e-06,-9.450715431865406e-09,3.390842013888895e-06,2,1,1,2,-1.8982273039431114e-07
14,pair132_tile086_src044_act044_identity,component_positive_pose_safe,False,changes_c102_action_stream_if_built,132,86,44,44,identity,3.228288504747867e-06,2.3805812350345843e-06,8.477072697132827e-07,2,0,2,2,0.0
15,pair534_tile088_src011_act011_identity,component_positive_pose_risky,False,changes_c102_action_stream_if_built,534,88,11,11,identity,3.1020616322389015e-06,-1.1364844176043211e-06,4.238546049843223e-06,2,2,0,2,-1.7484502804295917e-06
16,pair427_tile088_src046_act046_identity,component_positive_pose_risky,False,changes_c102_action_stream_if_built,427,88,46,46,identity,3.034153445551161e-06,-1.2043926042920615e-06,4.238546049843223e-06,1,1,1,2,-9.612397433142835e-06
17,pair523_tile087_src055_act055_identity,component_positive_pose_safe,False,changes_c102_action_stream_if_built,523,87,55,55,identity,2.5327204426361926e-06,1.6850083222844985e-06,8.477121203516943e-07,2,0,2,2,0.0
18,pair523_tile131_src088_act088_identity,component_positive_pose_safe,False,changes_c102_action_stream_if_built,523,131,88,88,identity,2.5327204426361926e-06,1.6850083222844985e-06,8.477121203516943e-07,2,0,2,2,0.0
19,pair485_tile089_src079_act079_identity,component_positive_pose_risky,False,changes_c102_action_stream_if_built,485,89,79,79,identity,2.530992699479158e-06,-8.598460806507824e-07,3.3908387801299402e-06,1,1,1,2,-3.6929546148444647e-06
20,pair499_tile089_src084_act084_identity,component_positive_pose_risky,False,changes_c102_action_stream_if_built,499,89,84,84,identity,2.5253612661699066e-06,8.299467267433414e-07,1.6954145394265654e-06,2,1,1,2,-2.111716011749017e-07
21,pair347_tile098_src009_act009_identity,component_positive_pose_safe,False,changes_c102_action_stream_if_built,347,98,9,9,identity,2.4979569730362896e-06,2.4979569730362896e-06,0.0,1,0,1,0,0.0
22,pair549_tile087_src014_act014_identity,component_positive_pose_risky,False,changes_c102_action_stream_if_built,549,87,14,14,identity,2.343820331810043e-06,-1.9931117860662823e-07,2.543131510416671e-06,1,1,1,2,-2.7579729014531266e-06
23,pair531_tile088_src016_act016_identity,component_positive_pose_safe,False,changes_c102_action_stream_if_built,531,88,16,16,identity,2.262584719401661e-06,3.110301690391767e-06,-8.47716970990106e-07,1,0,1,0,0.0
24,pair440_tile089_src061_act061_identity,component_positive_pose_safe,False,changes_c102_action_stream_if_built,440,89,61,61,identity,2.2352445181750166e-06,2.2352445181750166e-06,0.0,2,0,2,0,0.0
25,pair517_tile096_src066_act066_identity,component_positive_pose_safe,False,changes_c102_action_stream_if_built,517,96,66,66,identity,1.9725504003370145e-06,7.009846451286859e-07,1.2715657552083288e-06,2,0,2,2,0.0
26,pair049_tile090_src079_act079_identity,component_positive_pose_safe,False,changes_c102_action_stream_if_built,49,90,79,79,identity,1.8948875865530354e-06,1.0471803168397528e-06,8.477072697132826e-07,1,0,1,1,0.0
27,pair167_tile086_src064_act064_identity,component_positive_pose_risky,False,changes_c102_action_stream_if_built,167,86,64,64,identity,1.8427129739723041e-06,-7.00418536444367e-07,2.543131510416671e-06,2,1,1,2,-1.3942446053119377e-06
28,pair553_tile088_src102_act102_identity,component_positive_pose_safe,False,changes_c102_action_stream_if_built,553,88,102,102,identity,1.8153453130277655e-06,9.676380433144831e-07,8.477072697132827e-07,2,0,2,2,0.0
29,pair126_tile086_src076_act076_identity,component_positive_pose_risky,False,changes_c102_action_stream_if_built,126,86,76,76,identity,1.6575345587687834e-06,2.5052418284820662e-06,-8.477072697132827e-07,1,1,1,0,-7.147267800506046e-07
30,pair525_tile087_src043_act043_identity,component_positive_pose_risky,False,changes_c102_action_stream_if_built,525,87,43,43,identity,1.6143194261397997e-06,7.666121564265171e-07,8.477072697132827e-07,2,1,1,2,-3.6001675581422805e-07
31,pair521_tile088_src030_act030_identity,component_positive_pose_risky,False,changes_c102_action_stream_if_built,521,88,30,30,identity,1.545364087931849e-06,-1.845484393474901e-06,3.3908484814067497e-06,1,2,0,2,-3.5162124287191785e-06
32,pair209_tile088_src023_act023_identity,component_positive_pose_risky,False,changes_c102_action_stream_if_built,209,88,23,23,identity,1.5270552946689976e-06,-1.6836409539597243e-07,1.6954193900649701e-06,2,1,1,2,-1.1902505444749513e-06
33,pair477_tile089_src025_act025_identity,component_positive_pose_risky,False,changes_c102_action_stream_if_built,477,89,25,25,identity,1.4301205730021443e-06,-1.113010937414527e-06,2.543131510416671e-06,1,1,1,2,-2.8117266001843047e-06
34,pair166_tile086_src004_act004_identity,component_positive_pose_safe,False,changes_c102_action_stream_if_built,166,86,4,4,identity,1.2824578391873443e-06,2.130165108900627e-06,-8.477072697132826e-07,1,0,1,0,0.0
35,pair320_tile089_src099_act099_identity,component_positive_pose_risky,False,changes_c102_action_stream_if_built,320,89,99,99,identity,1.2099553449560013e-06,-4.854688957473873e-07,1.6954242407033886e-06,2,1,1,2,-1.0868796893069868e-06
36,pair311_tile089_src099_act099_identity,component_positive_pose_risky,False,changes_c102_action_stream_if_built,311,89,99,99,identity,1.1769967004010898e-06,-5.184226896638803e-07,1.6954193900649701e-06,2,1,1,2,-1.024543803688558e-06
37,pair560_tile087_src072_act072_identity,component_positive_pose_risky,False,changes_c102_action_stream_if_built,560,87,72,72,identity,1.095175745397418e-06,6.713221105407766e-07,4.2385363485664135e-07,1,1,1,2,-1.0247392163021083e-06
38,pair560_tile088_src027_act027_identity,component_positive_pose_risky,False,changes_c102_action_stream_if_built,560,88,27,27,identity,1.095175745397418e-06,6.713221105407766e-07,4.2385363485664135e-07,1,1,1,2,-1.0247392163021083e-06
39,pair593_tile086_src046_act046_identity,component_positive_pose_safe,False,changes_c102_action_stream_if_built,593,86,46,46,identity,9.125190107737841e-07,9.125190107737841e-07,0.0,2,0,2,0,0.0
40,pair593_tile087_src017_act017_identity,component_positive_pose_safe,False,changes_c102_action_stream_if_built,593,87,17,17,identity,9.125190107737841e-07,9.125190107737841e-07,0.0,2,0,2,0,0.0
41,pair173_tile086_src087_act087_identity,component_positive_pose_risky,False,changes_c102_action_stream_if_built,173,86,87,87,identity,8.022395146603708e-07,-1.7408919957563005e-06,2.543131510416671e-06,1,1,1,2,-3.557554767532775e-06
42,pair178_tile095_src099_act099_identity,component_positive_pose_safe,False,changes_c102_action_stream_if_built,178,95,99,99,identity,6.524025933469314e-07,1.500109863060214e-06,-8.477072697132826e-07,1,0,1,0,0.0
43,pair076_tile119_src094_act094_identity,component_positive_pose_risky,False,changes_c102_action_stream_if_built,76,119,94,94,identity,4.5801064245271053e-07,-1.2374135982506781e-06,1.6954242407033886e-06,1,1,1,2,-3.257241135164448e-06
44,pair462_tile088_src016_act016_identity,component_positive_pose_risky,False,changes_c102_action_stream_if_built,462,88,16,16,identity,3.5093142748676296e-07,-4.967758422265196e-07,8.477072697132827e-07,1,1,1,2,-1.3645194575178624e-06
45,pair459_tile087_src065_act065_identity,component_positive_pose_safe,False,changes_c102_action_stream_if_built,459,87,65,65,identity,2.5614938319626183e-07,2.5614938319626183e-07,0.0,1,0,1,0,0.0
46,pair546_tile082_src058_act058_identity,component_positive_pose_risky,False,changes_c102_action_stream_if_built,546,82,58,58,identity,5.366788706795557e-08,-4.184883013413686e-06,4.238550900481641e-06,1,1,1,2,-1.5802441421698072e-05
47,pair546_tile088_src025_act025_identity,component_positive_pose_risky,False,changes_c102_action_stream_if_built,546,88,25,25,identity,5.366788706795557e-08,-4.184883013413686e-06,4.238550900481641e-06,1,1,1,2,-1.5802441421698072e-05
48,pair338_tile089_src085_act085_identity,component_positive_pose_safe,False,changes_c102_action_stream_if_built,338,89,85,85,identity,2.9458862817049948e-08,8.771661325303325e-07,-8.477072697132827e-07,1,0,2,0,0.0
49,pair242_tile088_src026_act026_identity,component_positive_pose_risky,False,changes_c102_action_stream_if_built,242,88,26,26,identity,-5.984349565532164e-08,-2.6029750060719792e-06,2.5431315104166576e-06,1,2,0,2,-4.3506902467291455e-06
50,pair554_tile088_src039_act039_identity,component_positive_pose_risky,False,changes_c102_action_stream_if_built,554,88,39,39,identity,-6.51792491583429e-08,-6.51792491583429e-08,0.0,1,1,1,0,-5.11560656563353e-07
51,pair248_tile096_src104_act104_identity,component_positive_pose_risky,False,changes_c102_action_stream_if_built,248,96,104,104,identity,-8.391399663671108e-08,-2.6270455070533686e-06,2.5431315104166576e-06,1,2,0,2,-3.7666955883073116e-06
52,pair545_tile088_src036_act036_identity,component_positive_pose_risky,False,changes_c102_action_stream_if_built,545,88,36,36,identity,-1.6409627123199803e-07,-1.0118035409452806e-06,8.477072697132827e-07,1,1,1,2,-2.245551695491716e-06
53,pair562_tile086_src093_act093_identity,component_positive_pose_risky,False,changes_c102_action_stream_if_built,562,86,93,93,identity,-3.9181874332451104e-07,-3.7826672247312883e-06,3.390848481406777e-06,1,2,0,2,-6.803245380910362e-06
54,pair493_tile091_src047_act047_identity,component_positive_pose_risky,False,changes_c102_action_stream_if_built,493,91,47,47,identity,-6.883669316156403e-07,-3.231498442032325e-06,2.5431315104166847e-06,1,1,1,2,-7.200635489528254e-06
55,pair457_tile088_src039_act039_identity,component_positive_pose_risky,False,changes_c102_action_stream_if_built,457,88,39,39,identity,-7.074961998416532e-07,-1.5552131708317591e-06,8.47716970990106e-07,1,1,1,2,-2.8866689963637393e-06
56,pair210_tile111_src074_act074_identity,component_positive_pose_risky,False,changes_c102_action_stream_if_built,210,111,74,74,identity,-9.63665901111242e-07,-9.63665901111242e-07,0.0,1,1,1,0,-2.0970963290331058e-06
57,pair531_tile088_src006_act006_identity,component_positive_pose_risky,False,changes_c102_action_stream_if_built,531,88,6,6,identity,-1.2296424100454003e-06,-3.8192543905529416e-07,-8.47716970990106e-07,1,1,1,0,-2.1572451025490965e-06
58,pair116_tile086_src052_act052_identity,component_positive_pose_risky,False,changes_c102_action_stream_if_built,116,86,52,52,identity,-1.7496719972834358e-06,-6.835935018116778e-06,5.086263020833342e-06,1,2,0,2,-1.1652370768898374e-05
59,pair550_tile087_src018_act018_identity,component_positive_pose_risky,False,changes_c102_action_stream_if_built,550,87,18,18,identity,-1.8428114748300701e-06,-2.6905187445433523e-06,8.477072697132827e-07,1,1,1,2,-8.452925468488024e-06
60,pair011_tile088_src058_act058_identity,component_positive_pose_risky,False,changes_c102_action_stream_if_built,11,88,58,58,identity,-2.333298376272012e-06,-8.267268666818623e-06,5.933970290546611e-06,1,2,0,2,-1.0264633695795986e-05
61,pair595_tile086_src041_act041_identity,component_positive_pose_risky,False,changes_c102_action_stream_if_built,595,86,41,41,identity,-3.994922601833198e-06,-5.690346842536587e-06,1.6954242407033886e-06,1,1,1,2,-1.0635841513127002e-05
62,pair342_tile089_src022_act022_identity,component_positive_pose_risky,False,changes_c102_action_stream_if_built,342,89,22,22,identity,-4.577679958470278e-06,-6.273104199173653e-06,1.6954242407033748e-06,1,2,0,2,-1.107161702484327e-05
63,pair507_tile088_src040_act040_identity,component_positive_pose_risky,False,changes_c102_action_stream_if_built,507,88,40,40,identity,-4.964638227039323e-06,-4.964638227039323e-06,0.0,1,1,1,0,-9.006507308488134e-06
64,pair596_tile087_src096_act096_identity,component_positive_pose_risky,False,changes_c102_action_stream_if_built,596,87,96,96,identity,-5.529567619693827e-06,-5.953426105188872e-06,4.2385848549504623e-07,1,1,1,2,-2.438990406800768e-05
65,pair596_tile099_src072_act072_identity,component_positive_pose_risky,False,changes_c102_action_stream_if_built,596,99,72,72,identity,-5.529567619693827e-06,-5.953426105188872e-06,4.2385848549504623e-07,1,1,1,2,-2.438990406800768e-05
66,pair544_tile088_src075_act075_identity,component_positive_pose_risky,False,changes_c102_action_stream_if_built,544,88,75,75,identity,-5.889693498252403e-06,-3.346561987835718e-06,-2.5431315104166847e-06,1,1,1,0,-8.57764340747275e-06
67,pair478_tile089_src086_act086_identity,component_positive_pose_risky,False,changes_c102_action_stream_if_built,478,89,86,86,identity,-6.644221946907542e-06,-8.33964618761093e-06,1.6954242407033886e-06,1,1,1,2,-1.595681973535255e-05
68,pair503_tile087_src081_act081_identity,component_positive_pose_risky,False,changes_c102_action_stream_if_built,503,87,81,81,identity,-1.1110353627899047e-05,-1.195806089761233e-05,8.477072697132827e-07,1,2,0,2,-2.1304266103238807e-05
69,pair501_tile087_src042_act042_identity,component_positive_pose_risky,False,changes_c102_action_stream_if_built,501,87,42,42,identity,-1.1395051569743134e-05,-1.3938183080159791e-05,2.5431315104166576e-06,1,2,0,2,-2.4896001963340657e-05
70,pair335_tile089_src091_act091_identity,component_positive_pose_risky,False,changes_c102_action_stream_if_built,335,89,91,91,identity,-1.1684513728384108e-05,-1.2532225848735802e-05,8.477121203516943e-07,1,1,1,2,-2.3133427069129396e-05
71,pair052_tile088_src013_act013_identity,component_positive_pose_risky,False,changes_c102_action_stream_if_built,52,88,13,13,identity,-1.3605345188399717e-05,-1.4453052458113e-05,8.477072697132827e-07,1,2,0,2,-2.5738427875180958e-05
72,pair278_tile089_src065_act065_identity,component_positive_pose_risky,False,changes_c102_action_stream_if_built,278,89,65,65,identity,-1.5616453937779297e-05,-1.646416120749258e-05,8.477072697132827e-07,1,1,1,2,-2.987100753373242e-05
73,pair599_tile086_src043_act043_identity,component_positive_pose_risky,False,changes_c102_action_stream_if_built,599,86,43,43,identity,-1.960890197185314e-05,-1.876119470213986e-05,-8.477072697132827e-07,1,1,1,0,-3.475639946132089e-05
74,pair106_tile083_src050_act050_identity,pose_toxic_pair,False,changes_c102_action_stream_if_built,106,83,50,50,identity,7.514813066118338e-06,7.514813066118338e-06,0.0,2,0,2,0,0.0
75,pair196_tile113_src013_act013_identity,neutral_or_negative,False,changes_c102_action_stream_if_built,196,113,13,13,identity,-6.762804807186933e-07,1.714267889945894e-07,-8.477072697132826e-07,0,0,1,0,0.0
76,pair196_tile113_src015_act013_amp_shift_-2,neutral_or_negative,False,changes_c102_action_stream_if_built,196,113,15,13,amp_shift_-2,-6.877053395247718e-07,1.6000193018851075e-07,-8.477072697132826e-07,0,0,1,0,0.0
77,pair598_tile083_src016_act016_identity,neutral_or_negative,False,changes_c102_action_stream_if_built,598,83,16,16,identity,-7.163290402428364e-07,1.3138308010886465e-07,-8.477121203517011e-07,0,0,2,0,0.0
78,pair067_tile088_src100_act100_identity,pose_toxic_pair,False,changes_c102_action_stream_if_built,67,88,100,100,identity,-7.941813794969452e-07,1.748950130919726e-06,-2.543131510416671e-06,0,0,1,0,0.0
79,pair540_tile088_src023_act023_identity,pose_toxic,False,changes_c102_action_stream_if_built,540,88,23,23,identity,-1.3187911634025757e-06,-8.949375285459343e-07,-4.2385363485664135e-07,0,1,1,0,-3.591017069588459e-06
80,pair542_tile084_src099_act099_identity,pose_toxic,False,changes_c102_action_stream_if_built,542,84,99,99,identity,-1.4374112211338568e-06,-1.8612672813097073e-06,4.2385606017585054e-07,0,2,0,2,-9.355107139876799e-06
81,pair542_tile088_src037_act037_identity,pose_toxic,False,changes_c102_action_stream_if_built,542,88,37,37,identity,-1.4374112211338568e-06,-1.8612672813097073e-06,4.2385606017585054e-07,0,2,0,2,-9.355107139876799e-06
82,pair542_tile098_src081_act081_identity,pose_toxic,False,changes_c102_action_stream_if_built,542,98,81,81,identity,-1.4374112211338568e-06,-1.8612672813097073e-06,4.2385606017585054e-07,0,2,0,2,-9.355107139876799e-06
83,pair585_tile087_src002_act002_identity,pose_toxic,False,changes_c102_action_stream_if_built,585,87,2,2,identity,-1.6485892977992751e-06,-1.6485892977992751e-06,0.0,0,2,0,0,-7.051004153430476e-06
84,pair104_tile083_src015_act015_identity,pose_toxic,False,changes_c102_action_stream_if_built,104,83,15,15,identity,-1.651162997683359e-06,-8.034557279700764e-07,-8.477072697132826e-07,0,1,0,0,-8.034557279700764e-07
85,pair151_tile112_src102_act102_identity,neutral_or_negative,False,changes_c102_action_stream_if_built,151,112,102,102,identity,-1.7528478647799915e-06,7.902836456366661e-07,-2.5431315104166576e-06,0,0,1,0,0.0
86,pair105_tile099_src092_act092_identity,pose_toxic_pair,False,changes_c102_action_stream_if_built,105,99,92,92,identity,-1.8561397543880655e-06,-1.607155136846769e-07,-1.6954242407033886e-06,0,1,0,0,-1.607155136846769e-07
87,pair151_tile112_src104_act100_amp_shift_-2,neutral_or_negative,False,changes_c102_action_stream_if_built,151,112,104,100,amp_shift_-2,-2.0167456747325683e-06,1.374093105397372e-06,-3.3908387801299402e-06,0,0,1,0,0.0
88,pair119_tile086_src042_act042_identity,neutral_or_negative,False,changes_c102_action_stream_if_built,119,86,42,42,identity,-2.0520516949709087e-06,4.910798154457625e-07,-2.543131510416671e-06,0,0,1,0,0.0
89,pair197_tile090_src093_act089_amp_shift_-2,pose_toxic_pair,False,changes_c102_action_stream_if_built,197,90,93,89,amp_shift_-2,-2.0776501390015544e-06,-3.822258982981658e-07,-1.6954242407033886e-06,0,1,0,0,-3.822258982981658e-07
90,pair089_tile084_src005_act005_identity,pose_toxic,False,changes_c102_action_stream_if_built,89,84,5,5,identity,-2.359679345359664e-06,-1.511967225007963e-06,-8.477121203517011e-07,0,1,0,0,-1.511967225007963e-06
91,pair519_tile088_src092_act092_identity,pose_toxic,False,changes_c102_action_stream_if_built,519,88,92,92,identity,-2.705019912985762e-06,-1.4334541577774195e-06,-1.2715657552083424e-06,0,1,1,0,-8.140880252661357e-06
92,pair137_tile088_src088_act088_identity,pose_toxic,False,changes_c102_action_stream_if_built,137,88,88,88,identity,-2.8076236383736042e-06,-1.959916368660321e-06,-8.477072697132826e-07,0,1,0,0,-1.959916368660321e-06
93,pair551_tile088_src084_act084_identity,pose_toxic,False,changes_c102_action_stream_if_built,551,88,84,84,identity,-2.8613803702687686e-06,-1.1659561295653936e-06,-1.695424240703375e-06,0,1,0,0,-1.1659561295653936e-06
94,pair174_tile086_src093_act093_identity,neutral_or_negative,False,changes_c102_action_stream_if_built,174,86,93,93,identity,-3.0226827397252754e-06,3.681560404046648e-07,-3.3908387801299402e-06,0,0,1,0,0.0
95,pair141_tile086_src007_act007_identity,pose_toxic,False,changes_c102_action_stream_if_built,141,86,7,7,identity,-3.139153337030029e-06,-1.4437290963266404e-06,-1.6954242407033886e-06,0,1,0,0,-1.4437290963266404e-06
96,pair578_tile086_src093_act093_identity,pose_toxic,False,changes_c102_action_stream_if_built,578,86,93,93,identity,-3.306872663207085e-06,-4.437152256583732e-06,1.1302795933766467e-06,0,2,0,2,-1.7116485624263943e-05
97,pair578_tile087_src040_act040_identity,pose_toxic,False,changes_c102_action_stream_if_built,578,87,40,40,identity,-3.306872663207085e-06,-4.437152256583732e-06,1.1302795933766467e-06,0,2,0,2,-1.7116485624263943e-05
98,pair578_tile105_src044_act044_identity,pose_toxic,False,changes_c102_action_stream_if_built,578,105,44,44,identity,-3.306872663207085e-06,-4.437152256583732e-06,1.1302795933766467e-06,0,2,0,2,-1.7116485624263943e-05
99,pair167_tile086_src000_act000_identity,pose_toxic,False,changes_c102_action_stream_if_built,167,86,0,0,identity,-3.5160308276436857e-06,-1.251823462369221e-07,-3.3908484814067636e-06,0,1,0,0,-1.251823462369221e-07
100,pair119_tile086_src044_act040_amp_shift_-2,neutral_or_negative,False,changes_c102_action_stream_if_built,119,86,44,40,amp_shift_-2,-3.5524858274240626e-06,6.860650730575787e-07,-4.238550900481641e-06,0,0,1,0,0.0
101,pair581_tile088_src083_act079_amp_shift_-2,pose_toxic,False,changes_c102_action_stream_if_built,581,88,83,79,amp_shift_-2,-3.740958857015817e-06,-2.045544317589252e-06,-1.6954145394265652e-06,0,1,0,0,-2.045544317589252e-06
102,pair067_tile088_src102_act098_amp_shift_-2,pose_toxic_pair,False,changes_c102_action_stream_if_built,67,88,102,98,amp_shift_-2,-4.155240374873004e-06,8.331537624704181e-08,-4.238555751120046e-06,0,0,1,0,0.0
103,pair212_tile111_src069_act069_identity,pose_toxic,False,changes_c102_action_stream_if_built,212,111,69,69,identity,-4.246703261445829e-06,-2.551288722019264e-06,-1.6954145394265652e-06,0,1,0,0,-2.551288722019264e-06
104,pair449_tile092_src080_act080_identity,pose_toxic,False,changes_c102_action_stream_if_built,449,92,80,80,identity,-4.258660637633183e-06,-2.011458778994685e-08,-4.238546049843236e-06,0,1,0,0,-2.0114587789946847e-08
105,pair104_tile083_src017_act013_amp_shift_-2,pose_toxic,False,changes_c102_action_stream_if_built,104,83,17,13,amp_shift_-2,-4.326144221128962e-06,-9.352957397221846e-07,-3.390848481406777e-06,0,1,0,0,-9.352957397221846e-07
106,pair177_tile086_src023_act023_identity,pose_toxic,False,changes_c102_action_stream_if_built,177,86,23,23,identity,-4.6281815358319325e-06,-3.896257847118724e-07,-4.238555751120059e-06,0,2,0,0,-6.894926115764554e-07
107,pair046_tile108_src084_act084_identity,pose_toxic,False,changes_c102_action_stream_if_built,46,108,84,84,identity,-4.825960278845587e-06,-4.825960278845587e-06,0.0,0,1,0,0,-4.825960278845587e-06
108,pair046_tile108_src086_act084_amp_shift_-2,pose_toxic,False,changes_c102_action_stream_if_built,46,108,86,84,amp_shift_-2,-4.826827871430088e-06,-4.826827871430088e-06,0.0,0,1,0,0,-4.826827871430088e-06
109,pair495_tile089_src061_act061_identity,pose_toxic,False,changes_c102_action_stream_if_built,495,89,61,61,identity,-5.015010496839396e-06,-6.710434737542785e-06,1.6954242407033886e-06,0,2,0,2,-9.53659219300012e-06
110,pair198_tile107_src031_act031_identity,pose_toxic,False,changes_c102_action_stream_if_built,198,107,31,31,identity,-6.14136627488444e-06,-2.7505274947544863e-06,-3.3908387801299538e-06,0,1,0,0,-2.7505274947544863e-06
111,pair211_tile110_src008_act008_identity,pose_toxic,False,changes_c102_action_stream_if_built,211,110,8,8,identity,-6.266426967835047e-06,-2.8755881877050936e-06,-3.3908387801299538e-06,0,1,0,0,-2.8755881877050936e-06
112,pair517_tile113_src049_act049_identity,neutral_or_negative,False,changes_c102_action_stream_if_built,517,113,49,49,identity,-6.5620742138112125e-06,1.0673203174387875e-06,-7.62939453125e-06,0,0,1,0,0.0
113,pair482_tile089_src091_act091_identity,pose_toxic,False,changes_c102_action_stream_if_built,482,89,91,91,identity,-7.047359201363156e-06,-6.199647081011469e-06,-8.477121203516874e-07,0,2,0,0,-2.0770022691433384e-05
114,pair577_tile087_src044_act044_identity,pose_toxic,False,changes_c102_action_stream_if_built,577,87,44,44,identity,-7.214240042155806e-06,-8.061947311869088e-06,8.477072697132827e-07,0,2,0,2,-2.7549574016448628e-05
115,pair592_tile086_src032_act032_identity,pose_toxic,False,changes_c102_action_stream_if_built,592,86,32,32,identity,-7.53629625128263e-06,-7.960154736777677e-06,4.2385848549504623e-07,0,2,0,2,-2.7464844826957696e-05
116,pair535_tile088_src104_act100_amp_shift_-2,pose_toxic,False,changes_c102_action_stream_if_built,535,88,104,100,amp_shift_-2,-8.147232632259527e-06,-7.299525362546244e-06,-8.477072697132826e-07,0,1,0,0,-7.299525362546244e-06
117,pair522_tile088_src088_act088_identity,pose_toxic,False,changes_c102_action_stream_if_built,522,88,88,88,identity,-8.505166199810368e-06,-9.070310847137115e-06,5.651446473267464e-07,0,2,0,2,-3.8820302757698887e-05
118,pair522_tile139_src092_act092_identity,pose_toxic,False,changes_c102_action_stream_if_built,522,139,92,92,identity,-8.505166199810368e-06,-9.070310847137115e-06,5.651446473267464e-07,0,2,0,2,-3.8820302757698887e-05
119,pair522_tile140_src080_act080_identity,pose_toxic,False,changes_c102_action_stream_if_built,522,140,80,80,identity,-8.505166199810368e-06,-9.070310847137115e-06,5.651446473267464e-07,0,2,0,2,-3.8820302757698887e-05
120,pair519_tile089_src042_act042_identity,pose_toxic,False,changes_c102_action_stream_if_built,519,89,42,42,identity,-9.1631701358416e-06,-2.381492575581692e-06,-6.7816775602599075e-06,0,1,0,0,-2.381492575581692e-06
121,pair519_tile089_src044_act040_amp_shift_-2,pose_toxic,False,changes_c102_action_stream_if_built,519,89,44,40,amp_shift_-2,-9.213425117566835e-06,-2.431747557306928e-06,-6.7816775602599075e-06,0,1,0,0,-2.431747557306928e-06
122,pair152_tile086_src007_act003_amp_shift_-2,pose_toxic,False,changes_c102_action_stream_if_built,152,86,7,3,amp_shift_-2,-1.291745725919989e-05,-1.2069740288209784e-05,-8.47716970990106e-07,0,1,0,0,-1.2069740288209784e-05
123,pair590_tile086_src095_act095_identity,pose_toxic,False,changes_c102_action_stream_if_built,590,86,95,95,identity,-1.3613292278352708e-05,-1.1070160767936035e-05,-2.543131510416671e-06,0,2,0,0,-1.862217970915167e-05
124,pair156_tile086_src019_act019_identity,pose_toxic,False,changes_c102_action_stream_if_built,156,86,19,19,identity,-2.1588195734938942e-05,-1.7349639983818896e-05,-4.238555751120046e-06,0,1,0,0,-1.7349639983818896e-05
125,pair156_tile086_src021_act017_amp_shift_-2,pose_toxic,False,changes_c102_action_stream_if_built,156,86,21,17,amp_shift_-2,-2.3975897277907628e-05,-1.8041917286084193e-05,-5.933979991823435e-06,0,1,0,0,-1.8041917286084193e-05
126,pair034_tile109_src006_act006_identity,pose_toxic,False,changes_c102_action_stream_if_built,34,109,6,6,identity,-2.5935778711876003e-05,-2.6783485981589285e-05,8.477072697132827e-07,0,2,0,2,-4.282972409774898e-05
127,pair514_tile088_src025_act025_identity,pose_toxic,False,changes_c102_action_stream_if_built,514,88,25,25,identity,-3.0633014266290145e-05,-2.9785303762817925e-05,-8.477105034722192e-07,0,2,0,0,-0.00010468063570698733
128,pair514_tile089_src088_act088_identity,pose_toxic,False,changes_c102_action_stream_if_built,514,89,88,88,identity,-3.0633014266290145e-05,-2.9785303762817925e-05,-8.477105034722192e-07,0,2,0,0,-0.00010468063570698733
129,pair514_tile099_src061_act061_identity,pose_toxic,False,changes_c102_action_stream_if_built,514,99,61,61,identity,-3.0633014266290145e-05,-2.9785303762817925e-05,-8.477105034722192e-07,0,2,0,0,-0.00010468063570698733
130,pair105_tile099_src094_act094_identity,exact_anchor_duplicate_noop,False,exact_anchor_duplicate,105,99,94,94,identity,5.398985427635635e-06,4.6572415666365125e-06,7.417438609991223e-07,5,0,5,3,0.0
131,pair163_tile086_src020_act020_identity,exact_anchor_duplicate_noop,False,exact_anchor_duplicate,163,86,20,20,identity,4.668720878847371e-06,4.668720878847371e-06,0.0,2,0,2,0,0.0
132,pair142_tile086_src038_act038_identity,exact_anchor_duplicate_noop,False,exact_anchor_duplicate,142,86,38,38,identity,4.460511426599012e-06,4.460511426599012e-06,0.0,1,1,1,0,-2.5385493941112135e-07
133,pair159_tile086_src106_act106_identity,exact_anchor_duplicate_noop,False,exact_anchor_duplicate,159,86,106,106,identity,4.284819831603455e-06,4.284819831603455e-06,0.0,3,0,3,0,0.0
134,pair347_tile098_src011_act011_identity,exact_anchor_duplicate_noop,False,exact_anchor_duplicate,347,98,11,11,identity,3.931505278443912e-06,3.083798008730628e-06,8.477072697132827e-07,3,0,3,3,0.0
135,pair544_tile088_src041_act041_identity,exact_anchor_duplicate_noop,False,exact_anchor_duplicate,544,88,41,41,identity,3.8834260466205395e-06,3.035718776907257e-06,8.477072697132826e-07,1,0,1,1,0.0
136,pair138_tile088_src056_act056_identity,exact_anchor_duplicate_noop,False,exact_anchor_duplicate,138,88,56,56,identity,3.839608619686316e-06,3.839608619686316e-06,0.0,2,0,2,0,0.0
137,pair439_tile089_src107_act107_identity,exact_anchor_duplicate_noop,False,exact_anchor_duplicate,439,89,107,107,identity,3.3240161484425523e-06,3.3240161484425523e-06,0.0,2,0,2,0,0.0
138,pair444_tile089_src021_act021_identity,exact_anchor_duplicate_noop,False,exact_anchor_duplicate,444,89,21,21,identity,3.099354279677917e-06,3.099354279677917e-06,0.0,2,0,2,0,0.0
139,pair119_tile086_src044_act044_identity,exact_anchor_duplicate_noop,False,exact_anchor_duplicate,119,86,44,44,identity,2.788005155176304e-06,2.788005155176304e-06,0.0,3,1,3,0,-3.774651888321435e-07
140,pair166_tile086_src006_act006_identity,exact_anchor_duplicate_noop,False,exact_anchor_duplicate,166,86,6,6,identity,2.2939986071677995e-06,2.2939986071677995e-06,0.0,3,0,3,0,0.0
141,pair531_tile088_src018_act018_identity,exact_anchor_duplicate_noop,False,exact_anchor_duplicate,531,88,18,18,identity,2.283907565405498e-06,3.131624536395605e-06,-8.47716970990106e-07,3,0,3,0,0.0
142,pair522_tile140_src029_act029_identity,exact_anchor_duplicate_noop,False,exact_anchor_duplicate,522,140,29,29,identity,2.2269853596552414e-06,5.315514176750022e-07,1.6954339419802391e-06,2,0,2,2,0.0
143,pair124_tile086_src006_act006_identity,exact_anchor_duplicate_noop,False,exact_anchor_duplicate,124,86,6,6,identity,2.139548991478598e-06,2.139548991478598e-06,0.0,2,0,2,0,0.0
144,pair490_tile089_src071_act071_identity,exact_anchor_duplicate_noop,False,exact_anchor_duplicate,490,89,71,71,identity,2.0529042380146907e-06,2.0529042380146907e-06,0.0,1,1,1,0,-2.495577622730038e-07
145,pair520_tile088_src026_act026_identity,exact_anchor_duplicate_noop,False,exact_anchor_duplicate,520,88,26,26,identity,2.0498667273638436e-06,2.0498667273638436e-06,0.0,2,0,2,0,0.0
146,pair517_tile113_src051_act051_identity,exact_anchor_duplicate_noop,False,exact_anchor_duplicate,517,113,51,51,identity,2.0260056993001976e-06,9.398737871873472e-07,1.0861319121128502e-06,5,0,5,5,0.0
147,pair553_tile087_src047_act047_identity,exact_anchor_duplicate_noop,False,exact_anchor_duplicate,553,87,47,47,identity,1.8153453130277655e-06,9.676380433144831e-07,8.477072697132827e-07,2,0,2,2,0.0
148,pair395_tile088_src090_act090_identity,exact_anchor_duplicate_noop,False,exact_anchor_duplicate,395,88,90,90,identity,1.767583961773643e-06,7.216457170865937e-08,1.6954193900649837e-06,1,0,1,1,0.0
149,pair178_tile095_src101_act101_identity,exact_anchor_duplicate_noop,False,exact_anchor_duplicate,178,95,101,101,identity,1.6843974963066365e-06,1.6843974963066365e-06,0.0,5,0,5,0,0.0
150,pair268_tile088_src038_act038_identity,exact_anchor_duplicate_noop,False,exact_anchor_duplicate,268,88,38,38,identity,1.6283347695990348e-06,7.80627499885752e-07,8.477072697132827e-07,2,0,2,2,0.0
151,pair536_tile088_src054_act054_identity,exact_anchor_duplicate_noop,False,exact_anchor_duplicate,536,88,54,54,identity,1.6033917452009397e-06,1.6033917452009397e-06,0.0,2,0,2,0,0.0
152,pair158_tile086_src090_act090_identity,exact_anchor_duplicate_noop,False,exact_anchor_duplicate,158,86,90,90,identity,1.6009714746378879e-06,1.6009714746378879e-06,0.0,1,1,1,0,-2.8089907398315417e-07
153,pair459_tile087_src067_act067_identity,exact_anchor_duplicate_noop,False,exact_anchor_duplicate,459,87,67,67,identity,1.2563922121551445e-06,4.0868494244186195e-07,8.477072697132827e-07,3,0,3,3,0.0
154,pair516_tile089_src064_act064_identity,exact_anchor_duplicate_noop,False,exact_anchor_duplicate,516,89,64,64,identity,1.2001420960401915e-06,1.2001420960401915e-06,0.0,1,1,1,0,-1.686222303453217e-07
155,pair112_tile085_src075_act075_identity,exact_anchor_duplicate_noop,False,exact_anchor_duplicate,112,85,75,75,identity,1.1904958107948558e-06,1.1904958107948558e-06,0.0,2,0,2,0,0.0
156,pair170_tile086_src092_act092_identity,exact_anchor_duplicate_noop,False,exact_anchor_duplicate,170,86,92,92,identity,1.1731317536329408e-06,1.1731317536329408e-06,0.0,1,1,1,0,-1.2356256576941213e-07
157,pair535_tile088_src104_act104_identity,exact_anchor_duplicate_noop,False,exact_anchor_duplicate,535,88,104,104,identity,1.1557134830612325e-06,1.1557134830612325e-06,0.0,2,0,2,0,0.0
158,pair168_tile086_src089_act089_identity,exact_anchor_duplicate_noop,False,exact_anchor_duplicate,168,86,89,89,identity,1.1266656173242106e-06,1.1266656173242106e-06,0.0,2,0,2,0,0.0
159,pair174_tile086_src095_act095_identity,exact_anchor_duplicate_noop,False,exact_anchor_duplicate,174,86,95,95,identity,1.0985817514072792e-06,7.277055765991078e-07,3.7087617480817133e-07,5,0,5,3,0.0
160,pair416_tile088_src077_act077_identity,exact_anchor_duplicate_noop,False,exact_anchor_duplicate,416,88,77,77,identity,8.734963105045756e-07,2.5779339514483095e-08,8.477169709900925e-07,1,0,1,1,0.0
161,pair054_tile088_src075_act075_identity,exact_anchor_duplicate_noop,False,exact_anchor_duplicate,54,88,75,75,identity,8.618524399510046e-07,8.618524399510046e-07,0.0,2,0,2,0,0.0
162,pair451_tile100_src009_act009_identity,exact_anchor_duplicate_noop,False,exact_anchor_duplicate,451,100,9,9,identity,8.244957934677986e-07,1.672203063181081e-06,-8.477072697132827e-07,2,0,2,0,0.0
163,pair141_tile086_src009_act009_identity,exact_anchor_duplicate_noop,False,exact_anchor_duplicate,141,86,9,9,identity,7.922126419675233e-07,-5.549462774575934e-08,8.477072697132827e-07,3,3,0,3,-6.683273838910481e-08
164,pair191_tile087_src091_act091_identity,exact_anchor_duplicate_noop,False,exact_anchor_duplicate,191,87,91,91,identity,7.523050511433595e-07,7.523050511433595e-07,0.0,2,0,2,0,0.0
165,pair136_tile086_src088_act088_identity,exact_anchor_duplicate_noop,False,exact_anchor_duplicate,136,86,88,88,identity,4.811256844209862e-07,4.811256844209862e-07,0.0,1,1,1,0,-1.2654332479921922e-07
166,pair211_tile110_src010_act010_identity,exact_anchor_duplicate_noop,False,exact_anchor_duplicate,211,110,10,10,identity,4.02903823873566e-07,4.02903823873566e-07,0.0,2,2,2,0,-5.16456629945986e-07
167,pair196_tile113_src015_act015_identity,exact_anchor_duplicate_noop,False,exact_anchor_duplicate,196,113,15,15,identity,3.306417674902434e-07,3.306417674902434e-07,0.0,2,0,2,0,0.0
168,pair566_tile085_src056_act056_identity,exact_anchor_duplicate_noop,False,exact_anchor_duplicate,566,85,56,56,identity,3.2182080435881e-07,3.2182080435881e-07,0.0,1,1,1,0,-9.74386202919113e-08
169,pair126_tile086_src038_act038_identity,exact_anchor_duplicate_noop,False,exact_anchor_duplicate,126,86,38,38,identity,2.4643476787022164e-07,1.0941420375835042e-06,-8.477072697132826e-07,1,0,1,0,0.0
170,pair398_tile088_src080_act080_identity,exact_anchor_duplicate_noop,False,exact_anchor_duplicate,398,88,80,80,identity,2.095702556102966e-07,2.095702556102966e-07,0.0,2,0,2,0,0.0
171,pair470_tile088_src068_act068_identity,exact_anchor_duplicate_noop,False,exact_anchor_duplicate,470,88,68,68,identity,-1.6354888329970977e-07,-1.6354888329970977e-07,0.0,1,1,1,0,-3.0917266229187366e-07
172,pair177_tile086_src015_act015_identity,exact_anchor_duplicate_noop,False,exact_anchor_duplicate,177,86,15,15,identity,-3.533393807389945e-07,-3.533393807389945e-07,0.0,0,1,0,0,-3.533393807389945e-07
173,pair154_tile086_src090_act090_identity,exact_anchor_duplicate_noop,False,exact_anchor_duplicate,154,86,90,90,identity,-4.0864118440368753e-07,4.3906608530959505e-07,-8.477072697132826e-07,0,0,1,0,0.0
174,pair167_tile086_src002_act002_identity,exact_anchor_duplicate_noop,False,exact_anchor_duplicate,167,86,2,2,identity,-5.308604181870938e-07,3.168517021645938e-07,-8.477121203516877e-07,0,0,3,0,0.0
175,pair197_tile090_src093_act093_identity,exact_anchor_duplicate_noop,False,exact_anchor_duplicate,197,90,93,93,identity,-5.705131778065402e-07,-1.4182204475198228e-06,8.477072697132826e-07,0,1,0,1,-1.4182204475198228e-06
176,pair212_tile111_src071_act071_identity,exact_anchor_duplicate_noop,False,exact_anchor_duplicate,212,111,71,71,identity,-6.992153680112101e-07,-6.992153680112101e-07,0.0,0,3,0,0,-7.017194337694744e-07
177,pair598_tile086_src032_act032_identity,exact_anchor_duplicate_noop,False,exact_anchor_duplicate,598,86,32,32,identity,-7.163290402428364e-07,1.3138308010886465e-07,-8.477121203517011e-07,0,0,2,0,0.0
178,pair581_tile088_src083_act083_identity,exact_anchor_duplicate_noop,False,exact_anchor_duplicate,581,88,83,83,identity,-7.66074437651202e-07,-7.66074437651202e-07,0.0,0,1,0,0,-7.66074437651202e-07
179,pair067_tile088_src102_act102_identity,exact_anchor_duplicate_noop,False,exact_anchor_duplicate,67,88,102,102,identity,-8.727792603560055e-07,8.226449803473831e-07,-1.6954242407033886e-06,0,0,2,0,0.0
180,pair226_tile088_src002_act002_identity,exact_anchor_duplicate_noop,False,exact_anchor_duplicate,226,88,2,2,identity,-8.813388429561338e-07,-8.813388429561338e-07,0.0,1,1,1,0,-1.607064135513603e-06
181,pair488_tile089_src043_act043_identity,exact_anchor_duplicate_noop,False,exact_anchor_duplicate,488,89,43,43,identity,-9.165642008528363e-07,-9.165642008528363e-07,0.0,0,2,0,0,-1.3086920936931142e-06
182,pair597_tile086_src092_act092_identity,exact_anchor_duplicate_noop,False,exact_anchor_duplicate,597,86,92,92,identity,-9.523707814380692e-07,-9.523707814380692e-07,0.0,1,1,1,0,-3.447496724189837e-06
183,pair597_tile099_src010_act010_identity,exact_anchor_duplicate_noop,False,exact_anchor_duplicate,597,99,10,10,identity,-9.523707814380692e-07,-9.523707814380692e-07,0.0,1,1,1,0,-3.447496724189837e-06
184,pair502_tile089_src102_act102_identity,exact_anchor_duplicate_noop,False,exact_anchor_duplicate,502,89,102,102,identity,-9.622078315565146e-07,-9.622078315565146e-07,0.0,1,1,1,0,-1.8770058856316452e-06
185,pair151_tile112_src104_act104_identity,exact_anchor_duplicate_noop,False,exact_anchor_duplicate,151,112,104,104,identity,-9.878019585737968e-07,-1.4009468886051426e-07,-8.477072697132826e-07,0,2,0,0,-1.454192600636235e-07
186,pair198_tile107_src033_act033_identity,exact_anchor_duplicate_noop,False,exact_anchor_duplicate,198,107,33,33,identity,-9.94275235631012e-07,-9.94275235631012e-07,0.0,0,3,0,0,-1.0065867627651222e-06
187,pair089_tile084_src007_act007_identity,exact_anchor_duplicate_noop,False,exact_anchor_duplicate,89,84,7,7,identity,-1.1064346478200045e-06,-2.587225274683032e-07,-8.477121203517012e-07,0,3,0,0,-2.5952618603359473e-07
188,pair234_tile111_src057_act057_identity,exact_anchor_duplicate_noop,False,exact_anchor_duplicate,234,111,57,57,identity,-1.1251669999301354e-06,-1.9728839709202414e-06,8.47716970990106e-07,0,1,0,1,-1.9728839709202414e-06
189,pair343_tile089_src022_act022_identity,exact_anchor_duplicate_noop,False,exact_anchor_duplicate,343,89,22,22,identity,-1.1272904429666e-06,-1.1272904429666e-06,0.0,1,1,1,0,-2.0988766023152445e-06
190,pair464_tile088_src093_act093_identity,exact_anchor_duplicate_noop,False,exact_anchor_duplicate,464,88,93,93,identity,-1.1354598518208155e-06,-1.1354598518208155e-06,0.0,1,1,1,0,-2.0712593671963563e-06
191,pair540_tile084_src058_act058_identity,exact_anchor_duplicate_noop,False,exact_anchor_duplicate,540,84,58,58,identity,-1.3187911634025757e-06,-8.949375285459343e-07,-4.2385363485664135e-07,0,1,1,0,-3.591017069588459e-06
192,pair449_tile092_src082_act082_identity,exact_anchor_duplicate_noop,False,exact_anchor_duplicate,449,92,82,82,identity,-1.3636456264863257e-06,-5.159351230141022e-07,-8.477105034722237e-07,2,2,2,0,-3.306754527472625e-06
193,pair542_tile099_src016_act016_identity,exact_anchor_duplicate_noop,False,exact_anchor_duplicate,542,99,16,16,identity,-1.4374112211338568e-06,-1.8612672813097073e-06,4.2385606017585054e-07,0,2,0,2,-9.355107139876799e-06
194,pair227_tile109_src023_act023_identity,exact_anchor_duplicate_noop,False,exact_anchor_duplicate,227,109,23,23,identity,-1.4715413480224327e-06,2.2387319140413248e-07,-1.6954145394265652e-06,0,0,1,0,0.0
195,pair109_tile086_src092_act092_identity,exact_anchor_duplicate_noop,False,exact_anchor_duplicate,109,86,92,92,identity,-1.500459716235613e-06,-1.500459716235613e-06,0.0,1,1,1,0,-2.7796345860719516e-06
196,pair585_tile086_src047_act047_identity,exact_anchor_duplicate_noop,False,exact_anchor_duplicate,585,86,47,47,identity,-1.6485892977992751e-06,-1.6485892977992751e-06,0.0,0,2,0,0,-7.051004153430476e-06
197,pair106_tile083_src064_act064_identity,exact_anchor_duplicate_noop,False,exact_anchor_duplicate,106,83,64,64,identity,-1.6594225882962025e-06,-1.6594225882962025e-06,0.0,0,2,0,0,-1.682302452347159e-06
198,pair515_tile088_src091_act091_identity,exact_anchor_duplicate_noop,False,exact_anchor_duplicate,515,88,91,91,identity,-1.7230403704336152e-06,-1.7230403704336152e-06,0.0,1,1,1,0,-3.1533975016655065e-06
199,pair115_tile086_src094_act094_identity,exact_anchor_duplicate_noop,False,exact_anchor_duplicate,115,86,94,94,identity,-2.0882785771633453e-06,-2.0882785771633453e-06,0.0,1,1,1,0,-3.89697438594349e-06
200,pair071_tile110_src056_act056_identity,exact_anchor_duplicate_noop,False,exact_anchor_duplicate,71,110,56,56,identity,-2.098173539443828e-06,-2.098173539443828e-06,0.0,0,1,0,0,-2.098173539443828e-06
201,pair480_tile089_src018_act018_identity,exact_anchor_duplicate_noop,False,exact_anchor_duplicate,480,89,18,18,identity,-2.1295754449471215e-06,-2.1295754449471215e-06,0.0,1,1,1,0,-3.85468522150148e-06
202,pair551_tile088_src086_act086_identity,exact_anchor_duplicate_noop,False,exact_anchor_duplicate,551,88,86,86,identity,-2.620699233969702e-06,-2.9915711644692633e-06,3.7087193049956113e-07,4,1,4,3,-9.923745259709488e-06
203,pair519_tile089_src094_act094_identity,exact_anchor_duplicate_noop,False,exact_anchor_duplicate,519,89,94,94,identity,-2.705019912985762e-06,-1.4334541577774195e-06,-1.2715657552083424e-06,0,1,1,0,-8.140880252661357e-06
204,pair358_tile088_src081_act081_identity,exact_anchor_duplicate_noop,False,exact_anchor_duplicate,358,88,81,81,identity,-3.3514461461511358e-06,-3.3514461461511358e-06,0.0,1,1,1,0,-6.100512673006579e-06
205,pair360_tile088_src093_act093_identity,exact_anchor_duplicate_noop,False,exact_anchor_duplicate,360,88,93,93,identity,-4.450736375898453e-06,-5.2984436456117354e-06,8.477072697132826e-07,0,1,0,1,-5.2984436456117354e-06
206,pair104_tile083_src017_act017_identity,exact_anchor_duplicate_noop,False,exact_anchor_duplicate,104,83,17,17,identity,-4.634597503803638e-06,-4.9171698274670015e-06,2.8257232366336415e-07,3,3,1,2,-1.2826542011685278e-05
207,pair587_tile087_src094_act094_identity,exact_anchor_duplicate_noop,False,exact_anchor_duplicate,587,87,94,94,identity,-4.781180443960073e-06,-3.085761053895103e-06,-1.6954193900649701e-06,0,1,0,0,-3.085761053895103e-06
208,pair137_tile088_src090_act090_identity,exact_anchor_duplicate_noop,False,exact_anchor_duplicate,137,88,90,90,identity,-4.914032586886135e-06,-4.914032586886135e-06,0.0,0,2,0,0,-4.9173638917931635e-06
209,pair145_tile086_src087_act087_identity,exact_anchor_duplicate_noop,False,exact_anchor_duplicate,145,86,87,87,identity,-5.121551263291957e-06,-5.121551263291957e-06,0.0,1,1,1,0,-9.323685098457754e-06
210,pair046_tile108_src086_act086_identity,exact_anchor_duplicate_noop,False,exact_anchor_duplicate,46,108,86,86,identity,-5.2770292187797704e-06,-4.429321949066489e-06,-8.477072697132826e-07,0,2,0,0,-4.430067439912722e-06
211,pair519_tile089_src044_act044_identity,exact_anchor_duplicate_noop,False,exact_anchor_duplicate,519,89,44,44,identity,-5.773363573274833e-06,-2.3825344944217026e-06,-3.3908290788531303e-06,0,2,0,0,-2.38659359875545e-06
212,pair482_tile088_src066_act066_identity,exact_anchor_duplicate_noop,False,exact_anchor_duplicate,482,88,66,66,identity,-7.047359201363156e-06,-6.199647081011469e-06,-8.477121203516874e-07,0,2,0,0,-2.0770022691433384e-05
213,pair577_tile086_src022_act022_identity,exact_anchor_duplicate_noop,False,exact_anchor_duplicate,577,86,22,22,identity,-7.214240042155806e-06,-8.061947311869088e-06,8.477072697132827e-07,0,2,0,2,-2.7549574016448628e-05
214,pair592_tile088_src015_act015_identity,exact_anchor_duplicate_noop,False,exact_anchor_duplicate,592,88,15,15,identity,-7.53629625128263e-06,-7.960154736777677e-06,4.2385848549504623e-07,0,2,0,2,-2.7464844826957696e-05
215,pair460_tile088_src047_act047_identity,exact_anchor_duplicate_noop,False,exact_anchor_duplicate,460,88,47,47,identity,-7.99097108987729e-06,-7.99097108987729e-06,0.0,1,1,1,0,-1.4427495979497648e-05
216,pair473_tile088_src103_act103_identity,exact_anchor_duplicate_noop,False,exact_anchor_duplicate,473,88,103,103,identity,-8.477238089018482e-06,-8.477238089018482e-06,0.0,1,1,1,0,-1.527473733316122e-05
217,pair497_tile087_src042_act042_identity,exact_anchor_duplicate_noop,False,exact_anchor_duplicate,497,87,42,42,identity,-1.1071321345660867e-05,-1.1071321345660867e-05,0.0,1,1,1,0,-2.0365108280988707e-05
218,pair156_tile086_src021_act021_identity,exact_anchor_duplicate_noop,False,exact_anchor_duplicate,156,86,21,21,identity,-1.424307321576994e-05,-1.424307321576994e-05,0.0,0,2,0,0,-1.4252956943066412e-05
219,pair565_tile087_src014_act014_identity,exact_anchor_duplicate_noop,False,exact_anchor_duplicate,565,87,14,14,identity,-1.731234860115379e-05,-1.731234860115379e-05,0.0,1,1,1,0,-3.118588563277572e-05
220,pair133_tile098_src017_act017_identity,exact_anchor_duplicate_noop,False,exact_anchor_duplicate,133,98,17,17,identity,-1.736594565463362e-05,-1.736594565463362e-05,0.0,1,1,1,0,-3.1872006604611385e-05
